t,phase,act1,act0,cmd1,cmd0,ferr1,ferr0,engaged,trip0,trip1,run_ok,state1,state0
0.014,preflight,-24,-168,-24,-168,0,0,FALSE,FALSE,FALSE,FALSE,2,2
0.018,enable,-24,-168,-24,-168,0,0,FALSE,FALSE,FALSE,FALSE,2,2
0.319,enable,-40,-48,-40,-152,0,-104,FALSE,FALSE,FALSE,TRUE,4,4
0.520,enable,-36,-112,-40,-152,-4,-40,FALSE,FALSE,FALSE,TRUE,4,4
0.721,enable,-40,-132,-40,-152,0,-20,FALSE,FALSE,FALSE,TRUE,4,4
0.922,enable,-32,-140,-40,-152,-8,-12,FALSE,FALSE,FALSE,TRUE,4,4
1.123,enable,-32,-144,-40,-152,-8,-8,FALSE,FALSE,FALSE,TRUE,4,4
1.324,enable,-32,-144,-40,-152,-8,-8,FALSE,FALSE,FALSE,TRUE,4,4
1.525,enable,-24,-156,-40,-152,-16,4,FALSE,FALSE,FALSE,TRUE,4,4
1.726,enable,-40,-160,-40,-152,0,8,FALSE,FALSE,FALSE,TRUE,4,4
1.927,enable,-24,-148,-40,-152,-16,-4,FALSE,FALSE,FALSE,TRUE,4,4
2.129,enable,-32,-140,-40,-152,-8,-12,FALSE,FALSE,FALSE,TRUE,4,4
2.330,enable,-28,-148,-40,-152,-12,-4,FALSE,FALSE,FALSE,TRUE,4,4
2.531,enable,-28,-156,-40,-152,-12,4,FALSE,FALSE,FALSE,TRUE,4,4
2.732,enable,-36,-156,-40,-152,-4,4,FALSE,FALSE,FALSE,TRUE,4,4
2.934,enable,-28,-156,-40,-152,-12,4,FALSE,FALSE,FALSE,TRUE,4,4
3.135,enable,-32,-152,-40,-152,-8,0,FALSE,FALSE,FALSE,TRUE,4,4
3.335,enable,-36,-164,-40,-152,-4,12,FALSE,FALSE,FALSE,TRUE,4,4
3.336,enable,-36,-164,-40,-152,-4,12,FALSE,FALSE,FALSE,TRUE,4,4
3.550,engage-still,-32,-152,-40,-145,-8,6,TRUE,FALSE,FALSE,TRUE,4,4
3.751,engage-still,-28,-152,-40,-140,-12,12,TRUE,FALSE,FALSE,TRUE,4,4
3.952,engage-still,-36,-144,-40,-148,-4,-4,TRUE,FALSE,FALSE,TRUE,4,4
4.153,engage-still,-24,-144,-40,-136,-16,8,TRUE,FALSE,FALSE,TRUE,4,4
4.354,engage-still,-32,-136,-40,-144,-8,-8,TRUE,FALSE,FALSE,TRUE,4,4
4.555,engage-still,-32,-140,-40,-144,-8,-4,TRUE,FALSE,FALSE,TRUE,4,4
4.756,engage-still,-32,-148,-40,-144,-8,4,TRUE,FALSE,FALSE,TRUE,4,4
4.957,engage-still,-40,-140,-40,-152,0,-12,TRUE,FALSE,FALSE,TRUE,4,4
5.158,engage-still,-36,-152,-40,-148,-4,4,TRUE,FALSE,FALSE,TRUE,4,4
5.360,engage-still,-36,-136,-40,-148,-4,-12,TRUE,FALSE,FALSE,TRUE,4,4
5.360,engage-still,-36,-136,-40,-148,-4,-12,TRUE,FALSE,FALSE,TRUE,4,4
5.563,gear-1to1-fwd,80,-128,91160,-32,91080,96,TRUE,FALSE,FALSE,TRUE,4,4
5.764,gear-1to1-fwd,1868,276,212360,1756,210492,1480,TRUE,FALSE,FALSE,TRUE,4,4
5.965,gear-1to1-fwd,371838,317366,332360,371726,-39478,54360,TRUE,FALSE,FALSE,TRUE,4,4
6.166,gear-1to1-fwd,429535,428278,453560,429423,24025,1145,TRUE,FALSE,FALSE,TRUE,4,4
6.366,gear-1to1-fwd,520129,495454,574760,520017,54631,24563,TRUE,FALSE,FALSE,TRUE,4,4
6.568,gear-1to1-fwd,659726,647932,695960,659614,36234,11682,TRUE,FALSE,FALSE,TRUE,4,4
6.769,gear-1to1-fwd,803052,779909,817160,802940,14108,23031,TRUE,FALSE,FALSE,TRUE,4,4
6.970,gear-1to1-fwd,923078,912755,938360,922966,15282,10211,TRUE,FALSE,FALSE,TRUE,4,4
7.171,gear-1to1-fwd,1045552,1031064,1059560,1045440,14008,14376,TRUE,FALSE,FALSE,TRUE,4,4
7.371,gear-1to1-fwd,1144811,1131485,1179560,1144699,34749,13214,TRUE,FALSE,FALSE,TRUE,4,4
7.572,gear-1to1-fwd,1260042,1247868,1300760,1259930,40718,12062,TRUE,FALSE,FALSE,TRUE,4,4
7.774,gear-1to1-fwd,1396241,1380631,1421960,1396129,25719,15498,TRUE,FALSE,FALSE,TRUE,4,4
7.975,gear-1to1-fwd,1511227,1491952,1543160,1511115,31933,19163,TRUE,FALSE,FALSE,TRUE,4,4
8.176,gear-1to1-fwd,1676492,1662899,1664360,1676380,-12132,13481,TRUE,FALSE,FALSE,TRUE,4,4
8.377,gear-1to1-fwd,1752819,1739555,1785560,1752707,32741,13152,TRUE,FALSE,FALSE,TRUE,4,4
8.578,gear-1to1-fwd,1885869,1872827,1905560,1885757,19691,12930,TRUE,FALSE,FALSE,TRUE,4,4
8.779,gear-1to1-fwd,1992642,1978907,2025560,1992530,32918,13623,TRUE,FALSE,FALSE,TRUE,4,4
8.981,gear-1to1-fwd,2122893,2106546,2146760,2122781,23867,16235,TRUE,FALSE,FALSE,TRUE,4,4
9.182,gear-1to1-fwd,2234030,2222874,2266760,2233918,32730,11044,TRUE,FALSE,FALSE,TRUE,4,4
9.383,gear-1to1-fwd,2392289,2369972,2387960,2392177,-4329,22205,TRUE,FALSE,FALSE,TRUE,4,4
9.584,gear-1to1-fwd,2496299,2489323,2509160,2496187,12861,6864,TRUE,FALSE,FALSE,TRUE,4,4
9.785,gear-1to1-fwd,2603981,2585142,2629160,2603869,25179,18727,TRUE,FALSE,FALSE,TRUE,4,4
9.986,gear-1to1-fwd,2723098,2708026,2751560,2722986,28462,14960,TRUE,FALSE,FALSE,TRUE,4,4
10.187,gear-1to1-fwd,2837109,2822372,2871560,2836997,34451,14625,TRUE,FALSE,FALSE,TRUE,4,4
10.388,gear-1to1-fwd,2978940,2969634,2993960,2978828,15020,9194,TRUE,FALSE,FALSE,TRUE,4,4
10.589,gear-1to1-fwd,3089026,3067008,3115160,3088914,26134,21906,TRUE,FALSE,FALSE,TRUE,4,4
10.791,gear-1to1-fwd,3239340,3232851,3235160,3239228,-4180,6377,TRUE,FALSE,FALSE,TRUE,4,4
10.992,gear-1to1-fwd,3345016,3320168,3356360,3344904,11344,24736,TRUE,FALSE,FALSE,TRUE,4,4
11.193,gear-1to1-fwd,3442887,3434843,3478760,3442775,35873,7932,TRUE,FALSE,FALSE,TRUE,4,4
11.394,gear-1to1-fwd,3596282,3573035,3599960,3596170,3678,23135,TRUE,FALSE,FALSE,TRUE,4,4
11.595,gear-1to1-fwd,3681890,3667061,3722360,3681778,40470,14717,TRUE,FALSE,FALSE,TRUE,4,4
11.796,gear-1to1-fwd,3829251,3818982,3843560,3829139,14309,10157,TRUE,FALSE,FALSE,TRUE,4,4
11.997,gear-1to1-fwd,3952307,3933235,3963560,3952195,11253,18960,TRUE,FALSE,FALSE,TRUE,4,4
12.198,gear-1to1-fwd,4098808,4089390,4084760,4098696,-14048,9306,TRUE,FALSE,FALSE,TRUE,4,4
12.399,gear-1to1-fwd,4168455,4154951,4204760,4168343,36305,13392,TRUE,FALSE,FALSE,TRUE,4,4
12.600,gear-1to1-fwd,4306916,4295836,4325960,4306804,19044,10968,TRUE,FALSE,FALSE,TRUE,4,4
12.801,gear-1to1-fwd,4405817,4387710,4447160,4405705,41343,17995,TRUE,FALSE,FALSE,TRUE,4,4
13.002,gear-1to1-fwd,4545481,4531604,4568360,4545369,22879,13765,TRUE,FALSE,FALSE,TRUE,4,4
13.203,gear-1to1-fwd,4686771,4669837,4689560,4686659,2789,16822,TRUE,FALSE,FALSE,TRUE,4,4
13.404,gear-1to1-fwd,4795819,4779039,4810760,4795707,14941,16668,TRUE,FALSE,FALSE,TRUE,4,4
13.605,gear-1to1-fwd,4918475,4911513,4930760,4918363,12285,6850,TRUE,FALSE,FALSE,TRUE,4,4
13.806,gear-1to1-fwd,5030780,5011808,5051960,5030668,21180,18860,TRUE,FALSE,FALSE,TRUE,4,4
14.007,gear-1to1-fwd,5140142,5128491,5173160,5140030,33018,11539,TRUE,FALSE,FALSE,TRUE,4,4
14.209,gear-1to1-fwd,5277241,5255412,5295560,5277129,18319,21717,TRUE,FALSE,FALSE,TRUE,4,4
14.410,gear-1to1-fwd,5395854,5385956,5416760,5395742,20906,9786,TRUE,FALSE,FALSE,TRUE,4,4
14.611,gear-1to1-fwd,5550555,5530461,5537960,5550443,-12595,19982,TRUE,FALSE,FALSE,TRUE,4,4
14.813,gear-1to1-fwd,5628402,5618599,5659160,5628290,30758,9691,TRUE,FALSE,FALSE,TRUE,4,4
15.014,gear-1to1-fwd,5768635,5756636,5781560,5768523,12925,11887,TRUE,FALSE,FALSE,TRUE,4,4
15.215,gear-1to1-fwd,5870139,5855520,5902760,5870027,32621,14507,TRUE,FALSE,FALSE,TRUE,4,4
15.416,gear-1to1-fwd,6005252,5990873,6022760,6005140,17508,14267,TRUE,FALSE,FALSE,TRUE,4,4
15.617,gear-1to1-fwd,6131605,6114629,6143960,6131493,12355,16864,TRUE,FALSE,FALSE,TRUE,4,4
15.818,gear-1to1-fwd,6248360,6234811,6266360,6248248,18000,13437,TRUE,FALSE,FALSE,TRUE,4,4
16.019,gear-1to1-fwd,6364213,6348440,6387560,6364101,23347,15661,TRUE,FALSE,FALSE,TRUE,4,4
16.221,gear-1to1-fwd,6477710,6463297,6507560,6477598,29850,14301,TRUE,FALSE,FALSE,TRUE,4,4
16.422,gear-1to1-fwd,6598608,6584241,6628760,6598496,30152,14255,TRUE,FALSE,FALSE,TRUE,4,4
16.623,gear-1to1-fwd,6717942,6706116,6749960,6717830,32018,11714,TRUE,FALSE,FALSE,TRUE,4,4
16.824,gear-1to1-fwd,6842991,6827930,6869960,6842879,26969,14949,TRUE,FALSE,FALSE,TRUE,4,4
17.025,gear-1to1-fwd,6961787,6948158,6991160,6961675,29373,13517,TRUE,FALSE,FALSE,TRUE,4,4
17.227,gear-1to1-fwd,7091728,7073284,7112360,7091616,20632,18332,TRUE,FALSE,FALSE,TRUE,4,4
17.428,gear-1to1-fwd,7201379,7186812,7233560,7201267,32181,14455,TRUE,FALSE,FALSE,TRUE,4,4
17.629,gear-1to1-fwd,7326325,7312253,7353560,7326213,27235,13960,TRUE,FALSE,FALSE,TRUE,4,4
17.830,gear-1to1-fwd,7439701,7425345,7475960,7439589,36259,14244,TRUE,FALSE,FALSE,TRUE,4,4
18.031,gear-1to1-fwd,7563597,7550611,7597160,7563485,33563,12874,TRUE,FALSE,FALSE,TRUE,4,4
18.233,gear-1to1-fwd,7684199,7669859,7718360,7684087,34161,14228,TRUE,FALSE,FALSE,TRUE,4,4
18.434,gear-1to1-fwd,7814168,7797901,7839560,7814056,25392,16155,TRUE,FALSE,FALSE,TRUE,4,4
18.635,gear-1to1-fwd,7949767,7933448,7960760,7949655,10993,16207,TRUE,FALSE,FALSE,TRUE,4,4
18.836,gear-1to1-fwd,8056697,8043509,8081960,8056585,25263,13076,TRUE,FALSE,FALSE,TRUE,4,4
19.037,gear-1to1-fwd,8165886,8150503,8203160,8165774,37274,15271,TRUE,FALSE,FALSE,TRUE,4,4
19.238,gear-1to1-fwd,8289854,8275826,8325560,8289742,35706,13916,TRUE,FALSE,FALSE,TRUE,4,4
19.439,gear-1to1-fwd,8417239,8401480,8446760,8417127,29521,15647,TRUE,FALSE,FALSE,TRUE,4,4
19.640,gear-1to1-fwd,8477974,8463148,8506760,8477862,28786,14714,TRUE,FALSE,FALSE,TRUE,4,4
19.841,gear-1to1-fwd,8599131,8577750,8627960,8599019,28829,21269,TRUE,FALSE,FALSE,TRUE,4,4
20.042,gear-1to1-fwd,8737996,8729232,8749160,8737884,11164,8652,TRUE,FALSE,FALSE,TRUE,4,4
20.243,gear-1to1-fwd,8848058,8829886,8870360,8847946,22302,18060,TRUE,FALSE,FALSE,TRUE,4,4
20.444,gear-1to1-fwd,8946866,8938522,8991560,8946754,44694,8232,TRUE,FALSE,FALSE,TRUE,4,4
20.645,gear-1to1-fwd,9078578,9062837,9112760,9078466,34182,15629,TRUE,FALSE,FALSE,TRUE,4,4
20.846,gear-1to1-fwd,9199527,9184515,9233960,9199415,34433,14900,TRUE,FALSE,FALSE,TRUE,4,4
21.047,gear-1to1-fwd,9319610,9305223,9355160,9319498,35550,14275,TRUE,FALSE,FALSE,TRUE,4,4
21.248,gear-1to1-fwd,9483770,9463328,9475160,9483658,-8610,20330,TRUE,FALSE,FALSE,TRUE,4,4
21.449,gear-1to1-fwd,9561979,9552672,9597560,9561867,35581,9195,TRUE,FALSE,FALSE,TRUE,4,4
21.650,gear-1to1-fwd,9705567,9685269,9719960,9705455,14393,20186,TRUE,FALSE,FALSE,TRUE,4,4
21.851,gear-1to1-fwd,9792509,9784764,9841160,9792397,48651,7633,TRUE,FALSE,FALSE,TRUE,4,4
22.053,gear-1to1-fwd,9943851,9923029,9963560,9943739,19709,20710,TRUE,FALSE,FALSE,TRUE,4,4
22.254,gear-1to1-fwd,10038501,10027623,10084760,10038389,46259,10766,TRUE,FALSE,FALSE,TRUE,4,4
22.455,gear-1to1-fwd,10223303,10195291,10205960,10223191,-17343,27900,TRUE,FALSE,FALSE,TRUE,4,4
22.655,gear-1to1-fwd,10302372,10298023,10327160,10302260,24788,4237,TRUE,FALSE,FALSE,TRUE,4,4
22.857,gear-1to1-fwd,10436079,10407332,10449560,10435967,13481,28635,TRUE,FALSE,FALSE,TRUE,4,4
23.058,gear-1to1-fwd,10538045,10532963,10571960,10537933,33915,4970,TRUE,FALSE,FALSE,TRUE,4,4
23.259,gear-1to1-fwd,10654155,10628583,10694360,10654043,40205,25460,TRUE,FALSE,FALSE,TRUE,4,4
23.461,gear-1to1-fwd,10780137,10771776,10816760,10780025,36623,8249,TRUE,FALSE,FALSE,TRUE,4,4
23.662,gear-1to1-fwd,10935149,10909716,10937960,10935037,2811,25321,TRUE,FALSE,FALSE,TRUE,4,4
23.863,gear-1to1-fwd,11048873,11041256,11059160,11048761,10287,7505,TRUE,FALSE,FALSE,TRUE,4,4
24.064,gear-1to1-fwd,11165284,11139648,11180360,11165172,15076,25524,TRUE,FALSE,FALSE,TRUE,4,4
24.265,gear-1to1-fwd,11282257,11269342,11301560,11282145,19303,12803,TRUE,FALSE,FALSE,TRUE,4,4
24.466,gear-1to1-fwd,11374555,11362202,11422760,11374443,48205,12241,TRUE,FALSE,FALSE,TRUE,4,4
24.667,gear-1to1-fwd,11522350,11505845,11543960,11522238,21610,16393,TRUE,FALSE,FALSE,TRUE,4,4
24.868,gear-1to1-fwd,11638065,11624531,11665160,11637953,27095,13422,TRUE,FALSE,FALSE,TRUE,4,4
25.069,gear-1to1-fwd,11814961,11798032,11785160,11814849,-29801,16817,TRUE,FALSE,FALSE,TRUE,4,4
25.270,gear-1to1-fwd,11864338,11857933,11907560,11864226,43222,6293,TRUE,FALSE,FALSE,TRUE,4,4
25.471,gear-1to1-fwd,12039457,12021032,12029960,12039345,-9497,18313,TRUE,FALSE,FALSE,TRUE,4,4
25.672,gear-1to1-fwd,12103031,12093814,12151160,12102919,48129,9105,TRUE,FALSE,FALSE,TRUE,4,4
25.873,gear-1to1-fwd,12266870,12244046,12271160,12266758,4290,22712,TRUE,FALSE,FALSE,TRUE,4,4
26.073,gear-1to1-fwd,12349981,12340536,12393560,12349869,43579,9333,TRUE,FALSE,FALSE,TRUE,4,4
26.275,gear-1to1-fwd,12570651,12537835,12514760,12570539,-55891,32704,TRUE,FALSE,FALSE,TRUE,4,4
26.476,gear-1to1-fwd,12618257,12617394,12635960,12618145,17703,751,TRUE,FALSE,FALSE,TRUE,4,4
26.679,gear-1to1-fwd,12662197,12654621,12669560,12662085,7363,7464,TRUE,FALSE,FALSE,TRUE,4,4
26.880,gear-1to1-fwd,12682925,12682472,12669560,12682813,-13365,341,TRUE,FALSE,FALSE,TRUE,4,4
27.081,gear-1to1-fwd,12684933,12684852,12669560,12684821,-15373,-31,TRUE,FALSE,FALSE,TRUE,4,4
27.282,gear-1to1-fwd,12685193,12685208,12669560,12685081,-15633,-127,TRUE,FALSE,FALSE,TRUE,4,4
27.483,gear-1to1-fwd,12685185,12685160,12669560,12685073,-15625,-87,TRUE,FALSE,FALSE,TRUE,4,4
27.684,gear-1to1-fwd,12685141,12685092,12669560,12685029,-15581,-63,TRUE,FALSE,FALSE,TRUE,4,4
27.885,gear-1to1-fwd,12685117,12685044,12669560,12685005,-15557,-39,TRUE,FALSE,FALSE,TRUE,4,4
28.086,gear-1to1-fwd,12685069,12684996,12669560,12684957,-15509,-39,TRUE,FALSE,FALSE,TRUE,4,4
28.287,gear-1to1-fwd,12685017,12684944,12669560,12684905,-15457,-39,TRUE,FALSE,FALSE,TRUE,4,4
28.487,gear-1to1-fwd,12684977,12684904,12669560,12684865,-15417,-39,TRUE,FALSE,FALSE,TRUE,4,4
28.488,gear-1to1-fwd,12684977,12684904,12669560,12684865,-15417,-39,TRUE,FALSE,FALSE,TRUE,4,4
28.691,gear-1to1-rev,12684769,12684816,12579560,12684657,-105209,-159,TRUE,FALSE,FALSE,TRUE,4,4
28.892,gear-1to1-rev,12683533,12684344,12457160,12683421,-226373,-923,TRUE,FALSE,FALSE,TRUE,4,4
29.093,gear-1to1-rev,12461094,12520883,12335960,12460982,-125134,-59901,TRUE,FALSE,FALSE,TRUE,4,4
29.294,gear-1to1-rev,12245823,12262112,12214760,12245711,-31063,-16401,TRUE,FALSE,FALSE,TRUE,4,4
29.495,gear-1to1-rev,12130944,12146949,12093560,12130832,-37384,-16117,TRUE,FALSE,FALSE,TRUE,4,4
29.696,gear-1to1-rev,11959743,11972295,11972360,11959631,12617,-12664,TRUE,FALSE,FALSE,TRUE,4,4
29.897,gear-1to1-rev,11896738,11906771,11851160,11896626,-45578,-10145,TRUE,FALSE,FALSE,TRUE,4,4
30.098,gear-1to1-rev,11744370,11754298,11729960,11744258,-14410,-10040,TRUE,FALSE,FALSE,TRUE,4,4
30.299,gear-1to1-rev,11667546,11679902,11608760,11667434,-58786,-12468,TRUE,FALSE,FALSE,TRUE,4,4
30.500,gear-1to1-rev,11512482,11526577,11488760,11512370,-23722,-14207,TRUE,FALSE,FALSE,TRUE,4,4
30.701,gear-1to1-rev,11384511,11407740,11367560,11384399,-16951,-23341,TRUE,FALSE,FALSE,TRUE,4,4
30.902,gear-1to1-rev,11266070,11274519,11246360,11265958,-19710,-8561,TRUE,FALSE,FALSE,TRUE,4,4
31.104,gear-1to1-rev,11122974,11144821,11125160,11122862,2186,-21959,TRUE,FALSE,FALSE,TRUE,4,4
31.305,gear-1to1-rev,11037764,11046881,11005160,11037652,-32604,-9229,TRUE,FALSE,FALSE,TRUE,4,4
31.506,gear-1to1-rev,10919581,10934781,10883960,10919469,-35621,-15312,TRUE,FALSE,FALSE,TRUE,4,4
31.707,gear-1to1-rev,10800040,10813053,10762760,10799928,-37280,-13125,TRUE,FALSE,FALSE,TRUE,4,4
31.908,gear-1to1-rev,10646281,10667541,10641560,10646169,-4721,-21372,TRUE,FALSE,FALSE,TRUE,4,4
32.109,gear-1to1-rev,10541741,10552969,10520360,10541629,-21381,-11340,TRUE,FALSE,FALSE,TRUE,4,4
32.310,gear-1to1-rev,10385590,10401424,10397960,10385478,12370,-15946,TRUE,FALSE,FALSE,TRUE,4,4
32.511,gear-1to1-rev,10317600,10327683,10277960,10317488,-39640,-10195,TRUE,FALSE,FALSE,TRUE,4,4
32.713,gear-1to1-rev,10176697,10187995,10155560,10176585,-21137,-11410,TRUE,FALSE,FALSE,TRUE,4,4
32.914,gear-1to1-rev,10080042,10094091,10034360,10079930,-45682,-14161,TRUE,FALSE,FALSE,TRUE,4,4
33.115,gear-1to1-rev,9919512,9931809,9911960,9919400,-7552,-12409,TRUE,FALSE,FALSE,TRUE,4,4
33.316,gear-1to1-rev,9815950,9833862,9791960,9815838,-23990,-18024,TRUE,FALSE,FALSE,TRUE,4,4
33.517,gear-1to1-rev,9661769,9671388,9671960,9661657,10191,-9731,TRUE,FALSE,FALSE,TRUE,4,4
33.718,gear-1to1-rev,9582176,9599124,9550760,9582064,-31416,-17060,TRUE,FALSE,FALSE,TRUE,4,4
33.919,gear-1to1-rev,9430408,9442921,9428360,9430296,-2048,-12625,TRUE,FALSE,FALSE,TRUE,4,4
34.120,gear-1to1-rev,9358711,9370048,9305960,9358599,-52751,-11449,TRUE,FALSE,FALSE,TRUE,4,4
34.322,gear-1to1-rev,9183688,9200057,9184760,9183576,1072,-16481,TRUE,FALSE,FALSE,TRUE,4,4
34.523,gear-1to1-rev,9101439,9113729,9062360,9101327,-39079,-12402,TRUE,FALSE,FALSE,TRUE,4,4
34.724,gear-1to1-rev,8918201,8936930,8941160,8918089,22959,-18841,TRUE,FALSE,FALSE,TRUE,4,4
34.925,gear-1to1-rev,8851901,8858052,8819960,8851789,-31941,-6263,TRUE,FALSE,FALSE,TRUE,4,4
35.127,gear-1to1-rev,8697926,8717712,8697560,8697814,-366,-19898,TRUE,FALSE,FALSE,TRUE,4,4
35.328,gear-1to1-rev,8610046,8617780,8576360,8609934,-33686,-7846,TRUE,FALSE,FALSE,TRUE,4,4
35.529,gear-1to1-rev,8465633,8497195,8455160,8465521,-10473,-31674,TRUE,FALSE,FALSE,TRUE,4,4
35.730,gear-1to1-rev,8360544,8367286,8333960,8360432,-26584,-6854,TRUE,FALSE,FALSE,TRUE,4,4
35.931,gear-1to1-rev,8212006,8236695,8212760,8211894,754,-24801,TRUE,FALSE,FALSE,TRUE,4,4
36.133,gear-1to1-rev,8108894,8116830,8091560,8108782,-17334,-8048,TRUE,FALSE,FALSE,TRUE,4,4
36.334,gear-1to1-rev,7969151,7982413,7970360,7969039,1209,-13374,TRUE,FALSE,FALSE,TRUE,4,4
36.535,gear-1to1-rev,7880189,7894952,7850360,7880077,-29829,-14875,TRUE,FALSE,FALSE,TRUE,4,4
36.736,gear-1to1-rev,7742612,7756027,7729160,7742500,-13452,-13527,TRUE,FALSE,FALSE,TRUE,4,4
36.937,gear-1to1-rev,7633552,7651888,7606760,7633440,-26792,-18448,TRUE,FALSE,FALSE,TRUE,4,4
37.138,gear-1to1-rev,7503207,7517298,7486760,7503095,-16447,-14203,TRUE,FALSE,FALSE,TRUE,4,4
37.339,gear-1to1-rev,7370121,7389336,7364360,7370009,-5761,-19327,TRUE,FALSE,FALSE,TRUE,4,4
37.540,gear-1to1-rev,7259774,7271376,7243160,7259662,-16614,-11714,TRUE,FALSE,FALSE,TRUE,4,4
37.741,gear-1to1-rev,7134991,7147062,7121960,7134879,-13031,-12183,TRUE,FALSE,FALSE,TRUE,4,4
37.942,gear-1to1-rev,7027125,7043630,7000760,7027013,-26365,-16617,TRUE,FALSE,FALSE,TRUE,4,4
38.143,gear-1to1-rev,6901261,6912987,6878360,6901149,-22901,-11838,TRUE,FALSE,FALSE,TRUE,4,4
38.344,gear-1to1-rev,6779507,6798525,6758360,6779395,-21147,-19130,TRUE,FALSE,FALSE,TRUE,4,4
38.544,gear-1to1-rev,6653149,6667429,6637160,6653037,-15989,-14392,TRUE,FALSE,FALSE,TRUE,4,4
38.745,gear-1to1-rev,6535200,6553500,6515960,6535088,-19240,-18412,TRUE,FALSE,FALSE,TRUE,4,4
38.946,gear-1to1-rev,6460486,6475033,6455960,6460374,-4526,-14659,TRUE,FALSE,FALSE,TRUE,4,4
39.147,gear-1to1-rev,6352782,6368480,6333560,6352670,-19222,-15810,TRUE,FALSE,FALSE,TRUE,4,4
39.348,gear-1to1-rev,6243028,6256418,6213560,6242916,-29468,-13502,TRUE,FALSE,FALSE,TRUE,4,4
39.549,gear-1to1-rev,6119797,6134660,6092360,6119685,-27437,-14975,TRUE,FALSE,FALSE,TRUE,4,4
39.750,gear-1to1-rev,6004040,6018811,5971160,6003928,-32880,-14883,TRUE,FALSE,FALSE,TRUE,4,4
39.951,gear-1to1-rev,5871966,5885781,5849960,5871854,-22006,-13927,TRUE,FALSE,FALSE,TRUE,4,4
40.152,gear-1to1-rev,5749129,5761192,5728760,5749017,-20369,-12175,TRUE,FALSE,FALSE,TRUE,4,4
40.353,gear-1to1-rev,5631442,5647184,5607560,5631330,-23882,-15854,TRUE,FALSE,FALSE,TRUE,4,4
40.554,gear-1to1-rev,5520095,5531965,5485160,5519983,-34935,-11982,TRUE,FALSE,FALSE,TRUE,4,4
40.754,gear-1to1-rev,5402189,5418789,5363960,5402077,-38229,-16712,TRUE,FALSE,FALSE,TRUE,4,4
40.956,gear-1to1-rev,5266033,5281845,5242760,5265921,-23273,-15924,TRUE,FALSE,FALSE,TRUE,4,4
41.157,gear-1to1-rev,5144098,5163677,5121560,5143986,-22538,-19691,TRUE,FALSE,FALSE,TRUE,4,4
41.358,gear-1to1-rev,5028636,5037571,5000360,5028524,-28276,-9047,TRUE,FALSE,FALSE,TRUE,4,4
41.559,gear-1to1-rev,4895983,4907853,4880360,4895871,-15623,-11982,TRUE,FALSE,FALSE,TRUE,4,4
41.760,gear-1to1-rev,4798799,4811240,4759160,4798687,-39639,-12553,TRUE,FALSE,FALSE,TRUE,4,4
41.961,gear-1to1-rev,4678523,4693250,4637960,4678411,-40563,-14839,TRUE,FALSE,FALSE,TRUE,4,4
42.162,gear-1to1-rev,4537714,4551786,4516760,4537602,-20954,-14184,TRUE,FALSE,FALSE,TRUE,4,4
42.362,gear-1to1-rev,4419087,4441461,4394360,4418975,-24727,-22486,TRUE,FALSE,FALSE,TRUE,4,4
42.563,gear-1to1-rev,4294009,4305028,4273160,4293897,-20849,-11131,TRUE,FALSE,FALSE,TRUE,4,4
42.764,gear-1to1-rev,4163006,4179243,4153160,4162894,-9846,-16349,TRUE,FALSE,FALSE,TRUE,4,4
42.965,gear-1to1-rev,4079746,4090738,4031960,4079634,-47786,-11104,TRUE,FALSE,FALSE,TRUE,4,4
43.166,gear-1to1-rev,3944103,3959912,3910760,3943991,-33343,-15921,TRUE,FALSE,FALSE,TRUE,4,4
43.367,gear-1to1-rev,3822147,3835356,3790760,3822035,-31387,-13321,TRUE,FALSE,FALSE,TRUE,4,4
43.569,gear-1to1-rev,3686922,3705802,3668360,3686810,-18562,-18992,TRUE,FALSE,FALSE,TRUE,4,4
43.770,gear-1to1-rev,3564619,3577443,3547160,3564507,-17459,-12936,TRUE,FALSE,FALSE,TRUE,4,4
43.970,gear-1to1-rev,3443183,3461773,3425960,3443071,-17223,-18702,TRUE,FALSE,FALSE,TRUE,4,4
44.171,gear-1to1-rev,3322627,3333412,3304760,3322515,-17867,-10897,TRUE,FALSE,FALSE,TRUE,4,4
44.373,gear-1to1-rev,3227846,3241411,3184760,3227734,-43086,-13677,TRUE,FALSE,FALSE,TRUE,4,4
44.574,gear-1to1-rev,3093726,3108077,3063560,3093614,-30166,-14463,TRUE,FALSE,FALSE,TRUE,4,4
44.775,gear-1to1-rev,2959977,2973222,2941160,2959865,-18817,-13357,TRUE,FALSE,FALSE,TRUE,4,4
44.976,gear-1to1-rev,2849633,2867057,2819960,2849521,-29673,-17536,TRUE,FALSE,FALSE,TRUE,4,4
45.177,gear-1to1-rev,2703171,2724987,2698760,2703059,-4411,-21928,TRUE,FALSE,FALSE,TRUE,4,4
45.378,gear-1to1-rev,2603829,2614943,2577560,2603717,-26269,-11226,TRUE,FALSE,FALSE,TRUE,4,4
45.578,gear-1to1-rev,2458723,2472439,2456360,2458611,-2363,-13828,TRUE,FALSE,FALSE,TRUE,4,4
45.779,gear-1to1-rev,2394870,2408017,2336360,2394758,-58510,-13259,TRUE,FALSE,FALSE,TRUE,4,4
45.980,gear-1to1-rev,2218237,2232291,2215160,2218125,-3077,-14166,TRUE,FALSE,FALSE,TRUE,4,4
46.181,gear-1to1-rev,2144129,2157932,2093960,2144017,-50169,-13915,TRUE,FALSE,FALSE,TRUE,4,4
46.382,gear-1to1-rev,1981913,1994715,1972760,1981801,-9153,-12914,TRUE,FALSE,FALSE,TRUE,4,4
46.583,gear-1to1-rev,1866427,1886279,1851560,1866315,-14867,-19964,TRUE,FALSE,FALSE,TRUE,4,4
46.784,gear-1to1-rev,1739683,1748091,1730360,1739571,-9323,-8520,TRUE,FALSE,FALSE,TRUE,4,4
46.985,gear-1to1-rev,1649005,1667591,1609160,1648893,-39845,-18698,TRUE,FALSE,FALSE,TRUE,4,4
47.186,gear-1to1-rev,1521347,1534093,1489160,1521235,-32187,-12858,TRUE,FALSE,FALSE,TRUE,4,4
47.387,gear-1to1-rev,1396229,1412361,1367960,1396117,-28269,-16244,TRUE,FALSE,FALSE,TRUE,4,4
47.587,gear-1to1-rev,1267189,1280728,1246760,1267077,-20429,-13651,TRUE,FALSE,FALSE,TRUE,4,4
47.788,gear-1to1-rev,1130776,1144725,1126760,1130664,-4016,-14061,TRUE,FALSE,FALSE,TRUE,4,4
47.989,gear-1to1-rev,1016579,1030260,1005560,1016467,-11019,-13793,TRUE,FALSE,FALSE,TRUE,4,4
48.190,gear-1to1-rev,899262,916595,884360,899150,-14902,-17445,TRUE,FALSE,FALSE,TRUE,4,4
48.391,gear-1to1-rev,807239,819924,763160,807127,-44079,-12797,TRUE,FALSE,FALSE,TRUE,4,4
48.592,gear-1to1-rev,666526,679857,643160,666414,-23366,-13443,TRUE,FALSE,FALSE,TRUE,4,4
48.792,gear-1to1-rev,539093,558573,520760,538981,-18333,-19592,TRUE,FALSE,FALSE,TRUE,4,4
48.993,gear-1to1-rev,408674,417239,400760,408562,-7914,-8677,TRUE,FALSE,FALSE,TRUE,4,4
49.194,gear-1to1-rev,268917,300861,279560,268805,10643,-32056,TRUE,FALSE,FALSE,TRUE,4,4
49.395,gear-1to1-rev,190149,192782,158360,190037,-31789,-2745,TRUE,FALSE,FALSE,TRUE,4,4
49.596,gear-1to1-rev,52104,71460,37160,51992,-14944,-19468,TRUE,FALSE,FALSE,TRUE,4,4
49.799,gear-1to1-rev,-3788,-3399,4760,-3900,8548,-501,TRUE,FALSE,FALSE,TRUE,4,4
50.000,gear-1to1-rev,-7340,-7423,4760,-7452,12100,-29,TRUE,FALSE,FALSE,TRUE,4,4
50.201,gear-1to1-rev,-7912,-8111,4760,-8024,12672,87,TRUE,FALSE,FALSE,TRUE,4,4
50.402,gear-1to1-rev,-7952,-8135,4760,-8064,12712,71,TRUE,FALSE,FALSE,TRUE,4,4
50.604,gear-1to1-rev,-7928,-8091,4760,-8040,12688,51,TRUE,FALSE,FALSE,TRUE,4,4
50.805,gear-1to1-rev,-7892,-8039,4760,-8004,12652,35,TRUE,FALSE,FALSE,TRUE,4,4
51.006,gear-1to1-rev,-7864,-8007,4760,-7976,12624,31,TRUE,FALSE,FALSE,TRUE,4,4
51.206,gear-1to1-rev,-7824,-7955,4760,-7936,12584,19,TRUE,FALSE,FALSE,TRUE,4,4
51.407,gear-1to1-rev,-7772,-7927,4760,-7884,12532,43,TRUE,FALSE,FALSE,TRUE,4,4
51.608,gear-1to1-rev,-7748,-7899,4760,-7860,12508,39,TRUE,FALSE,FALSE,TRUE,4,4
51.609,gear-1to1-rev,-7748,-7899,4760,-7860,12508,39,TRUE,FALSE,FALSE,TRUE,4,4
51.811,gear-2to1,-7708,-7863,4760,-7856,12468,7,FALSE,FALSE,FALSE,TRUE,4,4
52.012,gear-2to1,-7664,-7855,4760,-7856,12424,-1,FALSE,FALSE,FALSE,TRUE,4,4
52.213,gear-2to1,-7620,-7847,4760,-7856,12380,-9,FALSE,FALSE,FALSE,TRUE,4,4
52.414,gear-2to1,-7572,-7847,4760,-7856,12332,-9,FALSE,FALSE,FALSE,TRUE,4,4
52.615,gear-2to1,-7528,-7847,4760,-7856,12288,-9,FALSE,FALSE,FALSE,TRUE,4,4
52.616,gear-2to1,-7528,-7847,4760,-7856,12288,-9,FALSE,FALSE,FALSE,TRUE,4,4
52.820,gear-2to1,-7468,-7843,4760,-7824,12228,19,TRUE,FALSE,FALSE,TRUE,4,4
53.021,gear-2to1,-7396,-7779,4760,-7653,12156,126,TRUE,FALSE,FALSE,TRUE,4,4
53.222,gear-2to1,-7336,-7659,4760,-7512,12096,147,TRUE,FALSE,FALSE,TRUE,4,4
53.423,gear-2to1,-7268,-7511,4760,-7376,12028,135,TRUE,FALSE,FALSE,TRUE,4,4
53.624,gear-2to1,-7188,-7367,4760,-7216,11948,151,TRUE,FALSE,FALSE,TRUE,4,4
53.624,gear-2to1,-7188,-7367,4760,-7216,11948,151,TRUE,FALSE,FALSE,TRUE,4,4
53.827,gear-2to1-fwd,-6580,-6967,101960,-6000,108540,967,TRUE,FALSE,FALSE,TRUE,4,4
54.028,gear-2to1-fwd,30087,20419,221960,67334,191873,46915,TRUE,FALSE,FALSE,TRUE,4,4
54.229,gear-2to1-fwd,339627,666298,343160,686414,3533,20116,TRUE,FALSE,FALSE,TRUE,4,4
54.430,gear-2to1-fwd,418072,818952,464360,843304,46288,24352,TRUE,FALSE,FALSE,TRUE,4,4
54.631,gear-2to1-fwd,552494,1080624,584360,1112148,31866,31524,TRUE,FALSE,FALSE,TRUE,4,4
54.832,gear-2to1-fwd,671150,1319693,706760,1349460,35610,29767,TRUE,FALSE,FALSE,TRUE,4,4
55.033,gear-2to1-fwd,816187,1603910,827960,1639534,11773,35624,TRUE,FALSE,FALSE,TRUE,4,4
55.234,gear-2to1-fwd,930878,1844699,949160,1868916,18282,24217,TRUE,FALSE,FALSE,TRUE,4,4
55.435,gear-2to1-fwd,1049742,2081258,1069160,2106644,19418,25386,TRUE,FALSE,FALSE,TRUE,4,4
55.636,gear-2to1-fwd,1157675,2293065,1191560,2322510,33885,29445,TRUE,FALSE,FALSE,TRUE,4,4
55.837,gear-2to1-fwd,1271269,2525216,1312760,2549698,41491,24482,TRUE,FALSE,FALSE,TRUE,4,4
56.037,gear-2to1-fwd,1408509,2795982,1433960,2824178,25451,28196,TRUE,FALSE,FALSE,TRUE,4,4
56.238,gear-2to1-fwd,1525684,3022512,1555160,3058528,29476,36016,TRUE,FALSE,FALSE,TRUE,4,4
56.439,gear-2to1-fwd,1683808,3346599,1676360,3374776,-7448,28177,TRUE,FALSE,FALSE,TRUE,4,4
56.640,gear-2to1-fwd,1765775,3516827,1796360,3538710,30585,21883,TRUE,FALSE,FALSE,TRUE,4,4
56.841,gear-2to1-fwd,1895025,3765673,1917560,3797210,22535,31537,TRUE,FALSE,FALSE,TRUE,4,4
57.042,gear-2to1-fwd,2003615,3990942,2038760,4014390,35145,23448,TRUE,FALSE,FALSE,TRUE,4,4
57.243,gear-2to1-fwd,2134777,4243582,2159960,4276714,25183,33132,TRUE,FALSE,FALSE,TRUE,4,4
57.444,gear-2to1-fwd,2248845,4480681,2281160,4504850,32315,24169,TRUE,FALSE,FALSE,TRUE,4,4
57.646,gear-2to1-fwd,2400830,4769847,2402360,4808820,1530,38973,TRUE,FALSE,FALSE,TRUE,4,4
57.847,gear-2to1-fwd,2508994,5009804,2522360,5025148,13366,15344,TRUE,FALSE,FALSE,TRUE,4,4
58.048,gear-2to1-fwd,2615846,5203807,2643560,5238852,27714,35045,TRUE,FALSE,FALSE,TRUE,4,4
58.249,gear-2to1-fwd,2737002,5452958,2764760,5481164,27758,28206,TRUE,FALSE,FALSE,TRUE,4,4
58.450,gear-2to1-fwd,2857560,5691683,2885960,5722280,28400,30597,TRUE,FALSE,FALSE,TRUE,4,4
58.651,gear-2to1-fwd,2991203,5968475,3007160,5989566,15957,21091,TRUE,FALSE,FALSE,TRUE,4,4
58.853,gear-2to1-fwd,3107658,6180041,3129560,6222476,21902,42435,TRUE,FALSE,FALSE,TRUE,4,4
59.054,gear-2to1-fwd,3245432,6483761,3250760,6498024,5328,14263,TRUE,FALSE,FALSE,TRUE,4,4
59.255,gear-2to1-fwd,3361170,6691403,3370760,6729500,9590,38097,TRUE,FALSE,FALSE,TRUE,4,4
59.456,gear-2to1-fwd,3456773,6898323,3493160,6920706,36387,22383,TRUE,FALSE,FALSE,TRUE,4,4
59.657,gear-2to1-fwd,3603734,7178200,3614360,7214628,10626,36428,TRUE,FALSE,FALSE,TRUE,4,4
59.859,gear-2to1-fwd,3702991,7380606,3735560,7413142,32569,32536,TRUE,FALSE,FALSE,TRUE,4,4
60.060,gear-2to1-fwd,3836987,7656084,3856760,7681134,19773,25050,TRUE,FALSE,FALSE,TRUE,4,4
60.261,gear-2to1-fwd,3969764,7910167,3977960,7946688,8196,36521,TRUE,FALSE,FALSE,TRUE,4,4
60.462,gear-2to1-fwd,4103238,8198958,4100360,8213636,-2878,14678,TRUE,FALSE,FALSE,TRUE,4,4
60.663,gear-2to1-fwd,4189208,8352904,4221560,8385576,32352,32672,TRUE,FALSE,FALSE,TRUE,4,4
60.864,gear-2to1-fwd,4318699,8623536,4342760,8644558,24061,21022,TRUE,FALSE,FALSE,TRUE,4,4
61.066,gear-2to1-fwd,4433236,8835678,4465160,8873632,31924,37954,TRUE,FALSE,FALSE,TRUE,4,4
61.267,gear-2to1-fwd,4564491,9105270,4586360,9136142,21869,30872,TRUE,FALSE,FALSE,TRUE,4,4
61.468,gear-2to1-fwd,4703635,9382255,4707560,9414430,3925,32175,TRUE,FALSE,FALSE,TRUE,4,4
61.668,gear-2to1-fwd,4823678,9618748,4829960,9654516,6282,35768,TRUE,FALSE,FALSE,TRUE,4,4
61.869,gear-2to1-fwd,4933074,9853346,4951160,9873308,18086,19962,TRUE,FALSE,FALSE,TRUE,4,4
62.070,gear-2to1-fwd,5051317,10079711,5072360,10109794,21043,30083,TRUE,FALSE,FALSE,TRUE,4,4
62.272,gear-2to1-fwd,5103662,10190075,5132360,10214484,28698,24409,TRUE,FALSE,FALSE,TRUE,4,4
62.473,gear-2to1-fwd,5223289,10421188,5254760,10453738,31471,32550,TRUE,FALSE,FALSE,TRUE,4,4
62.674,gear-2to1-fwd,5363735,10707470,5375960,10734630,12225,27160,TRUE,FALSE,FALSE,TRUE,4,4
62.875,gear-2to1-fwd,5494987,10955509,5498360,10997134,3373,41625,TRUE,FALSE,FALSE,TRUE,4,4
63.076,gear-2to1-fwd,5603863,11197359,5618360,11214886,14497,17527,TRUE,FALSE,FALSE,TRUE,4,4
63.277,gear-2to1-fwd,5727118,11428224,5740760,11461396,13642,33172,TRUE,FALSE,FALSE,TRUE,4,4
63.478,gear-2to1-fwd,5834052,11648219,5860760,11675264,26708,27045,TRUE,FALSE,FALSE,TRUE,4,4
63.680,gear-2to1-fwd,5961639,11895999,5981960,11930438,20321,34439,TRUE,FALSE,FALSE,TRUE,4,4
63.881,gear-2to1-fwd,6084306,12143889,6103160,12175772,18854,31883,TRUE,FALSE,FALSE,TRUE,4,4
64.082,gear-2to1-fwd,6206223,12394503,6224360,12419606,18137,25103,TRUE,FALSE,FALSE,TRUE,4,4
64.283,gear-2to1-fwd,6322210,12624322,6344360,12651580,22150,27258,TRUE,FALSE,FALSE,TRUE,4,4
64.484,gear-2to1-fwd,6438048,12859739,6466760,12883256,28712,23517,TRUE,FALSE,FALSE,TRUE,4,4
64.685,gear-2to1-fwd,6560177,13095127,6587960,13127514,27783,32387,TRUE,FALSE,FALSE,TRUE,4,4
64.886,gear-2to1-fwd,6684554,13347325,6709160,13376268,24606,28943,TRUE,FALSE,FALSE,TRUE,4,4
65.087,gear-2to1-fwd,6800731,13577233,6830360,13608622,29629,31389,TRUE,FALSE,FALSE,TRUE,4,4
65.288,gear-2to1-fwd,6923363,13821779,6950360,13853886,26997,32107,TRUE,FALSE,FALSE,TRUE,4,4
65.490,gear-2to1-fwd,7043210,14062705,7072760,14093580,29550,30875,TRUE,FALSE,FALSE,TRUE,4,4
65.691,gear-2to1-fwd,7163362,14312002,7192760,14333884,29398,21882,TRUE,FALSE,FALSE,TRUE,4,4
65.892,gear-2to1-fwd,7287934,14551230,7313960,14583028,26026,31798,TRUE,FALSE,FALSE,TRUE,4,4
66.093,gear-2to1-fwd,7400787,14783316,7435160,14808734,34373,25418,TRUE,FALSE,FALSE,TRUE,4,4
66.294,gear-2to1-fwd,7523992,15025780,7556360,15055144,32368,29364,TRUE,FALSE,FALSE,TRUE,4,4
66.494,gear-2to1-fwd,7644129,15263617,7677560,15295418,33431,31801,TRUE,FALSE,FALSE,TRUE,4,4
66.696,gear-2to1-fwd,7769038,15513311,7798760,15545236,29722,31925,TRUE,FALSE,FALSE,TRUE,4,4
66.897,gear-2to1-fwd,7899171,15772182,7919960,15805502,20789,33320,TRUE,FALSE,FALSE,TRUE,4,4
67.098,gear-2to1-fwd,8021249,16024009,8041160,16049658,19911,25649,TRUE,FALSE,FALSE,TRUE,4,4
67.299,gear-2to1-fwd,8124979,16230067,8162360,16257118,37381,27051,TRUE,FALSE,FALSE,TRUE,4,4
67.500,gear-2to1-fwd,8249209,16478813,8283560,16505578,34351,26765,TRUE,FALSE,FALSE,TRUE,4,4
67.701,gear-2to1-fwd,8370788,16716233,8404760,16748736,33972,32503,TRUE,FALSE,FALSE,TRUE,4,4
67.902,gear-2to1-fwd,8497091,16973662,8525960,17001342,28869,27680,TRUE,FALSE,FALSE,TRUE,4,4
68.105,gear-2to1-fwd,8585809,17168526,8571560,17178778,-14249,10252,TRUE,FALSE,FALSE,TRUE,4,4
68.305,gear-2to1-fwd,8593095,17193175,8571560,17193350,-21535,175,TRUE,FALSE,FALSE,TRUE,4,4
68.506,gear-2to1-fwd,8593483,17194355,8571560,17194126,-21923,-229,TRUE,FALSE,FALSE,TRUE,4,4
68.708,gear-2to1-fwd,8593435,17194219,8571560,17194030,-21875,-189,TRUE,FALSE,FALSE,TRUE,4,4
68.909,gear-2to1-fwd,8593371,17194027,8571560,17193902,-21811,-125,TRUE,FALSE,FALSE,TRUE,4,4
69.110,gear-2to1-fwd,8593283,17193867,8571560,17193726,-21723,-141,TRUE,FALSE,FALSE,TRUE,4,4
69.311,gear-2to1-fwd,8593203,17193695,8571560,17193566,-21643,-129,TRUE,FALSE,FALSE,TRUE,4,4
69.512,gear-2to1-fwd,8593107,17193523,8571560,17193374,-21547,-149,TRUE,FALSE,FALSE,TRUE,4,4
69.713,gear-2to1-fwd,8593003,17193339,8571560,17193166,-21443,-173,TRUE,FALSE,FALSE,TRUE,4,4
69.915,gear-2to1-fwd,8592899,17193123,8571560,17192958,-21339,-165,TRUE,FALSE,FALSE,TRUE,4,4
69.915,gear-2to1-fwd,8592899,17193123,8571560,17192958,-21339,-165,TRUE,FALSE,FALSE,TRUE,4,4
70.119,gear-2to1-rev,8592511,17192763,8489960,17192182,-102551,-581,TRUE,FALSE,FALSE,TRUE,4,4
70.320,gear-2to1-rev,8587691,17188735,8367560,17182542,-220131,-6193,TRUE,FALSE,FALSE,TRUE,4,4
70.521,gear-2to1-rev,8247309,16602213,8247560,16501778,251,-100435,TRUE,FALSE,FALSE,TRUE,4,4
70.723,gear-2to1-rev,8126559,16264973,8125160,16260278,-1399,-4695,TRUE,FALSE,FALSE,TRUE,4,4
70.924,gear-2to1-rev,8022977,16108661,8003960,16053114,-19017,-55547,TRUE,FALSE,FALSE,TRUE,4,4
71.125,gear-2to1-rev,7903158,15828175,7883960,15813476,-19198,-14699,TRUE,FALSE,FALSE,TRUE,4,4
71.326,gear-2to1-rev,7785738,15620912,7761560,15578636,-24178,-42276,TRUE,FALSE,FALSE,TRUE,4,4
71.527,gear-2to1-rev,7668674,15366887,7640360,15344508,-28314,-22379,TRUE,FALSE,FALSE,TRUE,4,4
71.728,gear-2to1-rev,7538561,15116633,7520360,15084282,-18201,-32351,TRUE,FALSE,FALSE,TRUE,4,4
71.929,gear-2to1-rev,7412096,14861145,7399160,14831352,-12936,-29793,TRUE,FALSE,FALSE,TRUE,4,4
72.130,gear-2to1-rev,7284914,14599836,7277960,14576988,-6954,-22848,TRUE,FALSE,FALSE,TRUE,4,4
72.331,gear-2to1-rev,7164386,14365183,7156760,14335932,-7626,-29251,TRUE,FALSE,FALSE,TRUE,4,4
72.532,gear-2to1-rev,7064507,14165899,7034360,14136174,-30147,-29725,TRUE,FALSE,FALSE,TRUE,4,4
72.733,gear-2to1-rev,6932359,13901338,6914360,13871878,-17999,-29460,TRUE,FALSE,FALSE,TRUE,4,4
72.934,gear-2to1-rev,6824188,13688484,6793160,13655536,-31028,-32948,TRUE,FALSE,FALSE,TRUE,4,4
73.135,gear-2to1-rev,6688830,13414672,6671960,13384820,-16870,-29852,TRUE,FALSE,FALSE,TRUE,4,4
73.335,gear-2to1-rev,6575365,13184239,6550760,13157890,-24605,-26349,TRUE,FALSE,FALSE,TRUE,4,4
73.537,gear-2to1-rev,6443148,12913172,6429560,12893456,-13588,-19716,TRUE,FALSE,FALSE,TRUE,4,4
73.738,gear-2to1-rev,6335478,12706863,6309560,12678116,-25918,-28747,TRUE,FALSE,FALSE,TRUE,4,4
73.939,gear-2to1-rev,6220542,12475246,6188360,12448244,-32182,-27002,TRUE,FALSE,FALSE,TRUE,4,4
74.140,gear-2to1-rev,6093859,12224324,6065960,12194878,-27899,-29446,TRUE,FALSE,FALSE,TRUE,4,4
74.341,gear-2to1-rev,5975684,11991850,5945960,11958528,-29724,-33322,TRUE,FALSE,FALSE,TRUE,4,4
74.542,gear-2to1-rev,5846876,11730520,5824760,11700912,-22116,-29608,TRUE,FALSE,FALSE,TRUE,4,4
74.744,gear-2to1-rev,5728686,11488797,5703560,11464532,-25126,-24265,TRUE,FALSE,FALSE,TRUE,4,4
74.945,gear-2to1-rev,5608659,11249957,5582360,11224478,-26299,-25479,TRUE,FALSE,FALSE,TRUE,4,4
75.146,gear-2to1-rev,5499507,11031704,5461160,11006174,-38347,-25530,TRUE,FALSE,FALSE,TRUE,4,4
75.347,gear-2to1-rev,5373775,10787137,5339960,10754710,-33815,-32427,TRUE,FALSE,FALSE,TRUE,4,4
75.548,gear-2to1-rev,5244104,10517959,5217560,10495368,-26544,-22591,TRUE,FALSE,FALSE,TRUE,4,4
75.750,gear-2to1-rev,5114334,10272115,5096360,10235828,-17974,-36287,TRUE,FALSE,FALSE,TRUE,4,4
75.951,gear-2to1-rev,5002814,10038751,4975160,10012788,-27654,-25963,TRUE,FALSE,FALSE,TRUE,4,4
76.152,gear-2to1-rev,4880447,9790936,4852760,9768054,-27687,-22882,TRUE,FALSE,FALSE,TRUE,4,4
76.353,gear-2to1-rev,4774321,9583364,4731560,9555802,-42761,-27562,TRUE,FALSE,FALSE,TRUE,4,4
76.554,gear-2to1-rev,4646135,9332044,4609160,9299430,-36975,-32614,TRUE,FALSE,FALSE,TRUE,4,4
76.755,gear-2to1-rev,4519231,9064009,4489160,9045622,-30071,-18387,TRUE,FALSE,FALSE,TRUE,4,4
76.956,gear-2to1-rev,4376562,8804431,4369160,8760284,-7402,-44147,TRUE,FALSE,FALSE,TRUE,4,4
77.157,gear-2to1-rev,4274109,8580090,4247960,8555378,-26149,-24712,TRUE,FALSE,FALSE,TRUE,4,4
77.357,gear-2to1-rev,4132284,8302668,4126760,8271728,-5524,-30940,TRUE,FALSE,FALSE,TRUE,4,4
77.558,gear-2to1-rev,4054396,8148523,4005560,8115952,-48836,-32571,TRUE,FALSE,FALSE,TRUE,4,4
77.759,gear-2to1-rev,3919048,7872393,3884360,7845256,-34688,-27137,TRUE,FALSE,FALSE,TRUE,4,4
77.960,gear-2to1-rev,3793596,7621374,3763160,7594352,-30436,-27022,TRUE,FALSE,FALSE,TRUE,4,4
78.161,gear-2to1-rev,3661266,7363159,3641960,7329692,-19306,-33467,TRUE,FALSE,FALSE,TRUE,4,4
78.362,gear-2to1-rev,3542425,7110523,3520760,7092010,-21665,-18513,TRUE,FALSE,FALSE,TRUE,4,4
78.563,gear-2to1-rev,3408755,6866045,3399560,6824670,-9195,-41375,TRUE,FALSE,FALSE,TRUE,4,4
78.764,gear-2to1-rev,3319231,6662201,3278360,6645622,-40871,-16579,TRUE,FALSE,FALSE,TRUE,4,4
78.965,gear-2to1-rev,3193269,6418292,3157160,6393698,-36109,-24594,TRUE,FALSE,FALSE,TRUE,4,4
79.167,gear-2to1-rev,3068854,6175582,3035960,6144868,-32894,-30714,TRUE,FALSE,FALSE,TRUE,4,4
79.368,gear-2to1-rev,2941262,5908768,2913560,5889684,-27702,-19084,TRUE,FALSE,FALSE,TRUE,4,4
79.569,gear-2to1-rev,2819196,5674637,2792360,5645552,-26836,-29085,TRUE,FALSE,FALSE,TRUE,4,4
79.770,gear-2to1-rev,2679462,5393947,2671160,5366084,-8302,-27863,TRUE,FALSE,FALSE,TRUE,4,4
79.971,gear-2to1-rev,2564797,5172761,2548760,5136754,-16037,-36007,TRUE,FALSE,FALSE,TRUE,4,4
80.172,gear-2to1-rev,2451455,4930625,2427560,4910070,-23895,-20555,TRUE,FALSE,FALSE,TRUE,4,4
80.373,gear-2to1-rev,2350872,4744933,2306360,4708904,-44512,-36029,TRUE,FALSE,FALSE,TRUE,4,4
80.575,gear-2to1-rev,2201775,4428390,2185160,4410710,-16615,-17680,TRUE,FALSE,FALSE,TRUE,4,4
80.776,gear-2to1-rev,2097055,4240210,2062760,4201270,-34295,-38940,TRUE,FALSE,FALSE,TRUE,4,4
80.977,gear-2to1-rev,1953056,3938763,1941560,3913272,-11496,-25491,TRUE,FALSE,FALSE,TRUE,4,4
81.178,gear-2to1-rev,1832947,3708642,1820360,3673054,-12587,-35588,TRUE,FALSE,FALSE,TRUE,4,4
81.379,gear-2to1-rev,1718233,3460573,1699160,3443626,-19073,-16947,TRUE,FALSE,FALSE,TRUE,4,4
81.580,gear-2to1-rev,1608292,3258235,1577960,3223744,-30332,-34491,TRUE,FALSE,FALSE,TRUE,4,4
81.782,gear-2to1-rev,1486381,3007767,1456760,2979922,-29621,-27845,TRUE,FALSE,FALSE,TRUE,4,4
81.983,gear-2to1-rev,1361305,2767333,1335560,2729770,-25745,-37563,TRUE,FALSE,FALSE,TRUE,4,4
82.184,gear-2to1-rev,1227242,2491327,1213160,2461644,-14082,-29683,TRUE,FALSE,FALSE,TRUE,4,4
82.385,gear-2to1-rev,1100565,2236987,1093160,2208290,-7405,-28697,TRUE,FALSE,FALSE,TRUE,4,4
82.585,gear-2to1-rev,990878,2009060,971960,1988916,-18918,-20144,TRUE,FALSE,FALSE,TRUE,4,4
82.787,gear-2to1-rev,870652,1773219,850760,1748464,-19892,-24755,TRUE,FALSE,FALSE,TRUE,4,4
82.988,gear-2to1-rev,829727,1687603,789560,1666614,-40167,-20989,TRUE,FALSE,FALSE,TRUE,4,4
83.188,gear-2to1-rev,689006,1413113,668360,1385172,-20646,-27941,TRUE,FALSE,FALSE,TRUE,4,4
83.389,gear-2to1-rev,572091,1183652,545960,1151342,-26131,-32310,TRUE,FALSE,FALSE,TRUE,4,4
83.590,gear-2to1-rev,422608,876558,424760,852376,2152,-24182,TRUE,FALSE,FALSE,TRUE,4,4
83.791,gear-2to1-rev,312074,691428,302360,631308,-9714,-60120,TRUE,FALSE,FALSE,TRUE,4,4
83.992,gear-2to1-rev,193801,397161,181160,394762,-12641,-2399,TRUE,FALSE,FALSE,TRUE,4,4
84.193,gear-2to1-rev,127164,282795,127160,261488,-4,-21307,TRUE,FALSE,FALSE,TRUE,4,4
84.394,gear-2to1-rev,106655,221191,127160,220470,20505,-721,TRUE,FALSE,FALSE,TRUE,4,4
84.594,gear-2to1-rev,105791,218491,127160,218742,21369,251,TRUE,FALSE,FALSE,TRUE,4,4
84.796,gear-2to1-rev,105807,218587,127160,218774,21353,187,TRUE,FALSE,FALSE,TRUE,4,4
84.997,gear-2to1-rev,105871,218763,127160,218902,21289,139,TRUE,FALSE,FALSE,TRUE,4,4
85.198,gear-2to1-rev,105927,218911,127160,219014,21233,103,TRUE,FALSE,FALSE,TRUE,4,4
85.399,gear-2to1-rev,105991,219051,127160,219142,21169,91,TRUE,FALSE,FALSE,TRUE,4,4
85.600,gear-2to1-rev,106079,219191,127160,219318,21081,127,TRUE,FALSE,FALSE,TRUE,4,4
85.801,gear-2to1-rev,106159,219359,127160,219478,21001,119,TRUE,FALSE,FALSE,TRUE,4,4
86.002,gear-2to1-rev,106275,219527,127160,219710,20885,183,TRUE,FALSE,FALSE,TRUE,4,4
86.002,gear-2to1-rev,106275,219527,127160,219710,20885,183,TRUE,FALSE,FALSE,TRUE,4,4
86.205,teardown,106391,219699,127160,219766,20769,67,FALSE,FALSE,FALSE,TRUE,4,4
86.406,teardown,106527,219759,127160,219766,20633,7,FALSE,FALSE,FALSE,TRUE,4,4
86.607,teardown,106707,219783,127160,219766,20453,-17,FALSE,FALSE,FALSE,TRUE,4,4
86.808,teardown,106935,219783,127160,219766,20225,-17,FALSE,FALSE,FALSE,TRUE,4,4
87.010,teardown,107235,219775,127160,219766,19925,-9,FALSE,FALSE,FALSE,TRUE,4,4
87.010,teardown,107235,219775,127160,219766,19925,-9,FALSE,FALSE,FALSE,TRUE,4,4
87.011,teardown,107235,219775,127160,219766,19925,-9,FALSE,FALSE,FALSE,TRUE,4,4
87.515,teardown,107087,222339,107087,222339,0,0,FALSE,FALSE,FALSE,FALSE,2,2
