t_unix,uptime_secs,scan_count
1788832264,677635,338632938
1788832266,677637,338633948
1788832268,677639,338634960
1788832270,677641,338635972
1788832272,677643,338636984
1788832274,677645,338637994
1788832276,677647,338639004
1788832278,677649,338640012
1788832280,677651,338641024
1788832282,677653,338641984
1788832284,677655,338642997
1788832286,677657,338644008
1788832288,677659,338645019
1788832290,677661,338646030
1788832292,677663,338647040
1788832294,677665,338648056
1788832296,677667,338649071
1788832298,677669,338650034
1788832300,677671,338651047
1788832302,677673,338652056
1788832304,677675,338653065
1788832306,677677,338654074
1788832308,677679,338655084
1788832310,677681,338656097
1788832312,677683,338657108
1788832314,677685,338658118
1788832316,677687,338659078
1788832318,677689,338660089
1788832320,677691,338661101
1788832322,677693,338662110
1788832324,677695,338663119
1788832326,677697,338664129
1788832328,677699,338665137
1788832330,677701,338666145
1788832332,677703,338667154
1788832334,677705,338668163
1788832337,677707,338669169
1788832339,677709,338670178
1788832341,677711,338671190
1788832343,677713,338672150
1788832345,677715,338673160
1788832347,677717,338674170
1788832349,677719,338675181
1788832351,677721,338676190
1788832353,677723,338677198
1788832355,677725,338678209
1788832357,677727,338679216
1788832359,677729,338680224
1788832361,677731,338681232
1788832363,677733,338682244
1788832365,677735,338683255
1788832367,677737,338684214
1788832369,677739,338685226
1788832371,677741,338686237
1788832373,677743,338687249
1788832375,677745,338688258
1788832377,677747,338689271
1788832379,677749,338690283
1788832381,677751,338691291
1788832383,677753,338692301
1788832385,677755,338693312
1788832387,677757,338694319
1788832389,677759,338695279
1788832391,677761,338696288
1788832393,677763,338697298
1788832395,677766,338698307
1788832397,677768,338699313
1788832399,677770,338700320
1788832401,677772,338701329
1788832403,677774,338702339
1788832405,677776,338703348
1788832407,677778,338704354
1788832409,677780,338705363
1788832411,677782,338706372
1788832413,677784,338707381
1788832415,677786,338708389
1788832417,677788,338709397
1788832419,677790,338710407
1788832421,677792,338711369
1788832423,677794,338712377
1788832425,677796,338713386
1788832427,677798,338714396
1788832429,677800,338715406
1788832431,677802,338716416
1788832433,677804,338717424
1788832435,677806,338718434
1788832437,677808,338719445
1788832439,677810,338720453
1788832441,677812,338721463
1788832443,677814,338722471
1788832445,677816,338723430
1788832447,677818,338724442
1788832449,677820,338725452
1788832451,677822,338726463
1788832453,677824,338727473
1788832455,677826,338728481
1788832457,677828,338729492
1788832459,677830,338730504
1788832461,677832,338731517
1788832463,677834,338732525
1788832465,677836,338733485
