t,ts_us,scan_rate,rpm_master,rpm_follower,rpm_output,pos0,pos1,rev1,ferr1_cnt,ferr1_deg,engaged,ratio,sync_err_cnt,sync_err_deg,demo_auto,demo_speed,jog1,trip1,g_trip_fb,fault0,fault1,state0,state1,lockout,run_ok,ao1,ai1,valve_cmd_v,valve_fb_v,coupler_ok,servo_ok
0.22,29215145,,,,,48,-36,0.0,0,0.0,0,,,,0,0,0,0,0,0,0,2,2,1,0,0,0,0.0,0.0,0,1
0.42,29417027,500.3,0.0,-0.0,-0.0,44,-32,0.0,0,0.0,0,,,,0,0,0,0,0,0,0,2,2,1,0,0,0,0.0,0.0,0,1
0.62,29619328,499.3,0.0,0.0,0.0,52,-20,0.0,0,0.0,0,,,,0,0,0,0,0,0,0,2,2,1,0,0,0,0.0,0.0,0,1
0.82,29821491,499.6,-0.0,-0.0,-0.0,48,-32,0.0,0,0.0,0,,,,0,0,0,0,0,0,0,2,2,1,0,0,0,0.0,0.0,0,1
1.03,30024935,501.4,-0.0,-0.0,-0.0,44,-36,0.0,0,0.0,0,,,,0,0,0,0,0,0,0,2,2,1,0,0,0,0.0,0.0,0,1
1.23,30226852,500.2,0.0,0.0,0.0,48,-36,0.0,0,0.0,0,,,,0,0,0,0,0,0,0,2,2,1,0,0,0,0.0,0.0,0,1
1.43,30429579,498.2,0.0,-0.0,-0.0,-56,-36,0.0,-20,-0.0,0,,,,0,0,0,0,0,0,0,4,4,0,1,0,0,0.0,0.0,0,1
1.63,30632979,501.5,-0.0,-0.0,-0.0,-76,-48,0.0,-8,-0.0,0,,,,0,0,0,0,0,0,0,4,4,0,1,0,0,0.0,0.0,0,1
1.83,30834863,500.3,-0.0,0.0,0.0,-64,-52,0.0,-4,-0.0,0,,,,0,0,0,0,0,0,0,4,4,0,1,0,0,0.0,0.0,0,1
2.03,31036901,499.9,0.0,-0.0,-0.0,-72,-44,0.0,-12,-0.0,0,,,,0,0,0,0,0,0,0,4,4,0,1,0,0,0.0,0.0,0,1
2.23,31138896,500.0,0.0,0.0,0.0,-60,-40,0.0,-16,-0.0,0,,,,0,0,0,0,0,0,0,4,4,0,1,0,0,0.0,0.0,0,1
2.43,31342878,500.0,-0.0,-0.0,-0.0,-64,-48,0.0,-8,-0.0,0,,,,0,0,0,0,0,0,0,4,4,0,1,0,0,0.0,0.0,0,1
2.64,31544679,500.5,-0.0,0.0,0.0,-56,-56,0.0,0,0.0,0,,,,0,0,0,0,0,0,0,4,4,0,1,0,0,0.0,0.0,0,1
2.84,31747026,499.1,0.0,0.0,0.0,-56,-40,0.0,-16,-0.0,0,,,,0,0,0,0,0,0,0,4,4,0,1,0,0,0.0,0.0,0,1
3.04,31949135,499.7,-0.0,0.0,0.0,-52,-52,0.0,-4,-0.0,0,,,,0,0,0,0,0,0,0,4,4,0,1,0,0,0.0,0.0,0,1
3.24,32151156,499.9,0.0,0.0,0.0,-52,-44,0.0,-12,-0.0,0,,,,0,0,0,0,0,0,0,4,4,0,1,0,0,0.0,0.0,0,1
3.44,32354910,500.6,-0.0,-0.0,-0.0,-64,-48,0.0,-8,-0.0,0,,,,0,0,0,0,0,0,0,4,4,0,1,0,0,0.0,0.0,0,1
3.64,32556799,500.3,0.0,0.0,0.0,-52,-44,0.0,-12,-0.0,0,,,,0,0,0,0,0,0,0,4,4,0,1,0,0,0.0,0.0,0,1
3.84,32759153,499.1,0.0,0.0,0.0,-48,-44,0.0,-12,-0.0,0,,,,0,0,0,0,0,0,0,4,4,0,1,0,0,0.0,0.0,0,1
4.04,32961257,499.7,0.0,0.0,0.0,-44,-40,0.0,-16,-0.0,0,,,,0,0,0,0,0,0,0,4,4,0,1,0,0,0.0,0.0,0,1
4.25,33165025,500.6,-0.0,-0.0,-0.0,-52,-56,0.0,0,0.0,0,,,,0,0,0,0,0,0,0,4,4,0,1,0,0,0.0,0.0,0,1
4.45,33366825,500.5,0.0,0.0,0.0,-44,-48,0.0,-8,-0.0,0,,,,0,0,0,0,0,0,0,4,4,0,1,0,0,0.0,0.0,0,1
4.65,33569044,499.5,0.0,0.0,0.0,-44,-48,0.0,-8,-0.0,0,,,,0,0,0,0,0,0,0,4,4,0,1,0,0,0.0,0.0,0,1
4.85,33771207,499.6,0.0,0.0,0.0,-44,-44,0.0,-12,-0.0,0,,,,0,0,0,0,0,0,0,4,4,0,1,0,0,0.0,0.0,0,1
5.05,33975075,500.3,-0.0,0.0,0.0,-40,-48,0.0,-8,-0.0,0,,,,0,0,0,0,0,0,0,4,4,0,1,0,0,0.0,0.0,0,1
5.25,34178905,500.4,0.0,0.0,0.0,-36,-48,0.0,-8,-0.0,0,,,,0,0,0,0,0,0,0,4,4,0,1,0,0,0.0,0.0,0,1
5.45,34380852,500.1,-0.0,0.0,0.0,-32,-52,0.0,-4,-0.0,0,,,,0,0,0,0,0,0,0,4,4,0,1,0,0,0.0,0.0,0,1
5.66,34583175,499.2,0.0,-0.0,-0.0,-36,-44,0.0,-12,-0.0,0,,,,0,0,0,0,0,0,0,4,4,0,1,0,0,0.0,0.0,0,1
5.86,34785409,499.4,-0.0,0.0,0.0,-36,-48,0.0,-8,-0.0,0,,,,0,0,0,0,0,0,0,4,4,0,1,0,0,0.0,0.0,0,1
6.06,34987299,500.3,-0.0,-0.0,-0.0,-44,-52,0.0,-4,-0.0,0,,,,0,0,0,0,0,0,0,4,4,0,1,0,0,0.0,0.0,0,1
6.26,35189089,500.5,0.0,0.0,0.0,-28,-48,0.0,-8,-0.0,0,,,,0,0,0,0,0,0,0,4,4,0,1,0,0,0.0,0.0,0,1
6.46,35390826,500.7,0.0,-0.0,-0.0,-32,-48,0.0,-8,-0.0,0,,,,0,0,0,0,0,0,0,4,4,0,1,0,0,0.0,0.0,0,1
6.66,35592972,499.6,0.0,0.0,0.0,-16,-36,0.0,0,0.0,0,,,,0,0,0,0,0,0,0,2,2,1,0,0,0,0.0,0.0,0,1
6.86,35794671,500.7,0.0,0.0,0.0,-12,-36,0.0,0,0.0,0,,,,0,0,0,0,0,0,0,2,2,1,0,0,0,0.0,0.0,0,1
7.06,35996997,499.2,-0.0,-0.0,-0.0,-20,-40,0.0,0,0.0,0,,,,0,0,0,0,0,0,0,2,2,1,0,0,0,0.0,0.0,0,1
7.26,36199283,499.3,0.0,0.0,0.0,-16,-36,0.0,0,0.0,0,,,,0,0,0,0,0,0,0,2,2,1,0,0,0,0.0,0.0,0,1
7.47,36400730,501.4,0.0,0.0,0.0,-16,-32,0.0,0,0.0,0,,,,0,0,0,0,0,0,0,2,2,1,0,0,0,0.0,0.0,0,1
7.67,36603006,499.3,-0.0,0.0,0.0,-12,-36,0.0,0,0.0,0,,,,0,0,0,0,0,0,0,2,2,1,0,0,0,0.0,0.0,0,1
7.87,36804925,500.2,0.0,0.0,0.0,-12,-32,0.0,0,0.0,0,,,,0,0,0,0,0,0,0,2,2,1,0,0,0,0.0,0.0,0,1
8.07,37006938,500.0,-0.0,0.0,0.0,-4,-36,0.0,0,0.0,0,,,,0,0,0,0,0,0,0,2,2,1,0,0,0,0.0,0.0,0,1
8.27,37208823,500.3,-0.0,-0.0,-0.0,-12,-40,0.0,0,0.0,0,,,,0,0,0,0,0,0,0,2,2,1,0,0,0,0.0,0.0,0,1
8.47,37413029,499.5,0.0,-0.0,-0.0,-20,-36,0.0,0,0.0,0,,,,0,0,0,0,0,0,0,2,2,1,0,0,0,0.0,0.0,0,1
8.67,37614829,500.5,-0.0,0.0,0.0,-20,-40,0.0,0,0.0,0,,,,0,0,0,0,0,0,0,2,2,1,0,0,0,0.0,0.0,0,1
8.88,37817251,499.0,0.0,0.0,0.0,-20,-36,0.0,0,0.0,0,,,,0,0,0,0,0,0,0,2,2,1,0,0,0,0.0,0.0,0,1
9.08,38020799,501.1,-0.0,0.0,0.0,-4,-44,0.0,0,0.0,0,,,,0,0,0,0,0,0,0,2,2,1,0,0,0,0.0,0.0,0,1
9.28,38221083,499.3,0.0,-0.0,-0.0,-12,-40,0.0,0,0.0,0,,,,0,0,0,0,0,0,0,2,2,1,0,0,0,0.0,0.0,0,1
9.48,38424911,500.4,0.0,0.0,0.0,-12,-40,0.0,0,0.0,0,,,,0,0,0,0,0,0,0,2,2,1,0,0,0,0.0,0.0,0,1
9.68,38627165,499.4,0.0,0.0,0.0,-12,-36,0.0,0,0.0,0,,,,0,0,0,0,0,0,0,2,2,1,0,0,0,0.0,0.0,0,1
9.88,38828779,501.0,0.0,0.0,0.0,-8,-32,0.0,0,0.0,0,,,,0,0,0,0,0,0,0,2,2,1,0,0,0,0.0,0.0,0,1
10.08,39029492,498.2,-0.0,0.0,0.0,-8,-36,0.0,0,0.0,0,,,,0,0,0,0,0,0,0,2,2,1,0,0,0,0.0,0.0,0,1
10.28,39231059,501.1,0.0,-0.0,-0.0,-12,-36,0.0,0,0.0,0,,,,0,0,0,0,0,0,0,2,2,1,0,0,0,0.0,0.0,0,1
10.49,39433271,499.5,-0.0,0.0,0.0,-12,-40,0.0,0,0.0,0,,,,0,0,0,0,0,0,0,2,2,1,0,0,0,0.0,0.0,0,1
10.69,39634882,501.0,0.0,0.0,0.0,-12,-36,0.0,0,0.0,0,,,,0,0,0,0,0,0,0,2,2,1,0,0,0,0.0,0.0,0,1
10.89,39837455,498.6,0.0,-0.0,-0.0,-20,-36,0.0,0,0.0,0,,,,0,0,0,0,0,0,0,2,2,1,0,0,0,0.0,0.0,0,1
11.09,40039212,500.6,0.0,0.0,0.0,-12,-32,0.0,0,0.0,0,,,,0,0,0,0,0,0,0,2,2,1,0,0,0,0.0,0.0,0,1
11.29,40241319,499.7,-0.0,-0.0,-0.0,-16,-44,0.0,0,0.0,0,,,,0,0,0,0,0,0,0,2,2,1,0,0,0,0.0,0.0,0,1
11.49,40443110,500.5,0.0,0.0,0.0,-4,-40,0.0,0,0.0,0,,,,0,0,0,0,0,0,0,2,2,1,0,0,0,0.0,0.0,0,1
11.69,40644832,500.7,0.0,0.0,0.0,-4,-36,0.0,0,0.0,0,,,,0,0,0,0,0,0,0,2,2,1,0,0,0,0.0,0.0,0,1
11.89,40845501,498.3,0.0,-0.0,-0.0,-12,-32,0.0,0,0.0,0,,,,0,0,0,0,0,0,0,2,2,1,0,0,0,0.0,0.0,0,1
12.1,41047320,500.4,0.0,0.0,0.0,-4,-32,0.0,0,0.0,0,,,,0,0,0,0,0,0,0,2,2,1,0,0,0,0.0,0.0,0,1
12.3,41249080,500.6,-0.0,-0.0,-0.0,-12,-36,0.0,0,0.0,0,,,,0,0,0,0,0,0,0,2,2,1,0,0,0,0.0,0.0,0,1
12.5,41451578,498.8,-0.0,-0.0,-0.0,-16,-40,0.0,0,0.0,0,,,,0,0,0,0,0,0,0,2,2,1,0,0,0,0.0,0.0,0,1
12.7,41655093,501.2,0.0,0.0,0.0,-16,-20,0.0,0,0.0,0,,,,0,0,0,0,0,0,0,2,2,1,0,0,0,0.0,0.0,0,1
12.9,41857349,499.4,-0.0,0.0,0.0,-12,-36,0.0,0,0.0,0,,,,0,0,0,0,0,0,0,2,2,1,0,0,0,0.0,0.0,0,1
13.1,42059445,499.8,0.0,0.0,0.0,-12,-36,0.0,0,0.0,0,,,,0,0,0,0,0,0,0,2,2,1,0,0,0,0.0,0.0,0,1
13.3,42261272,500.4,0.0,-0.0,-0.0,-16,-36,0.0,0,0.0,0,,,,0,0,0,0,0,0,0,2,2,1,0,0,0,0.0,0.0,0,1
13.5,42465171,500.2,0.0,0.0,0.0,-12,-36,0.0,0,0.0,0,,,,0,0,0,0,0,0,0,2,2,1,0,0,0,0.0,0.0,0,1
13.71,42669550,499.1,0.0,0.0,0.0,-12,-32,0.0,0,0.0,0,,,,0,0,0,0,0,0,0,2,2,1,0,0,0,0.0,0.0,0,1
13.91,42871500,500.1,-0.0,0.0,0.0,-8,-48,0.0,0,0.0,0,,,,0,0,0,0,0,0,0,2,2,1,0,0,0,0.0,0.0,0,1
14.11,43075045,501.1,0.0,-0.0,-0.0,-12,-32,0.0,0,0.0,0,,,,0,0,0,0,0,0,0,2,2,1,0,0,0,0.0,0.0,0,1
14.31,43276956,500.2,-0.0,0.0,0.0,-12,-40,0.0,0,0.0,0,,,,0,0,0,0,0,0,0,2,2,1,0,0,0,0.0,0.0,0,1
14.51,43480904,500.1,0.0,0.0,0.0,-8,-32,0.0,0,0.0,0,,,,0,0,0,0,0,0,0,2,2,1,0,0,0,0.0,0.0,0,1
14.71,43683378,498.8,-0.0,-0.0,-0.0,-12,-36,0.0,0,0.0,0,,,,0,0,0,0,0,0,0,2,2,1,0,0,0,0.0,0.0,0,1
14.91,43885119,500.6,-0.0,0.0,0.0,-8,-40,0.0,0,0.0,0,,,,0,0,0,0,0,0,0,2,2,1,0,0,0,0.0,0.0,0,1
15.11,44088998,500.3,0.0,-0.0,-0.0,-12,-36,0.0,0,0.0,0,,,,0,0,0,0,0,0,0,2,2,1,0,0,0,0.0,0.0,0,1
15.31,44291351,499.1,0.0,0.0,0.0,-12,-32,0.0,0,0.0,0,,,,0,0,0,0,0,0,0,2,2,1,0,0,0,0.0,0.0,0,1
15.52,44494870,501.2,-0.0,0.0,0.0,-12,-40,0.0,0,0.0,0,,,,0,0,0,0,0,0,0,2,2,1,0,0,0,0.0,0.0,0,1
15.72,44696902,499.9,0.0,0.0,0.0,-12,-32,0.0,0,0.0,0,,,,0,0,0,0,0,0,0,2,2,1,0,0,0,0.0,0.0,0,1
15.92,44898851,500.1,0.0,-0.0,-0.0,-16,-28,0.0,0,0.0,0,,,,0,0,0,0,0,0,0,2,2,1,0,0,0,0.0,0.0,0,1
16.12,45101300,498.9,-0.0,0.0,0.0,-8,-36,0.0,0,0.0,0,,,,0,0,0,0,0,0,0,2,2,1,0,0,0,0.0,0.0,0,1
16.32,45304947,500.9,0.0,0.0,0.0,-8,-36,0.0,0,0.0,0,,,,0,0,0,0,0,0,0,2,2,1,0,0,0,0.0,0.0,0,1
16.52,45507382,498.9,-0.0,-0.0,-0.0,-12,-40,0.0,0,0.0,0,,,,0,0,0,0,0,0,0,2,2,1,0,0,0,0.0,0.0,0,1
16.72,45711524,499.7,0.0,0.0,0.0,-12,-36,0.0,0,0.0,0,,,,0,0,0,0,0,0,0,2,2,1,0,0,0,0.0,0.0,0,1
16.93,45913595,499.8,0.0,0.0,0.0,-12,-36,0.0,0,0.0,0,,,,0,0,0,0,0,0,0,2,2,1,0,0,0,0.0,0.0,0,1
17.13,46116871,501.8,0.0,-0.0,-0.0,-16,-36,0.0,0,0.0,0,,,,0,0,0,0,0,0,0,2,2,1,0,0,0,0.0,0.0,0,1
17.33,46319336,498.9,0.0,0.0,0.0,-16,-36,0.0,0,0.0,0,,,,0,0,0,0,0,0,0,2,2,1,0,0,0,0.0,0.0,0,1
17.53,46523311,500.1,0.0,0.0,0.0,-12,-36,0.0,0,0.0,0,,,,0,0,0,0,0,0,0,2,2,1,0,0,0,0.0,0.0,0,1
17.73,46727190,500.3,0.0,0.0,0.0,-8,-36,0.0,0,0.0,0,,,,0,0,0,0,0,0,0,2,2,1,0,0,0,0.0,0.0,0,1
17.93,46929595,499.0,0.0,-0.0,-0.0,-16,-32,0.0,0,0.0,0,,,,0,0,0,0,0,0,0,2,2,1,0,0,0,0.0,0.0,0,1
18.13,47133673,499.8,0.0,0.0,0.0,-12,-28,0.0,0,0.0,0,,,,0,0,0,0,0,0,0,2,2,1,0,0,0,0.0,0.0,0,1
18.33,47337387,500.7,-0.0,0.0,0.0,-12,-40,0.0,0,0.0,0,,,,0,0,0,0,0,0,0,2,2,1,0,0,0,0.0,0.0,0,1
18.54,47541070,500.8,0.0,-0.0,-0.0,-16,-32,0.0,0,0.0,0,,,,0,0,0,0,0,0,0,2,2,1,0,0,0,0.0,0.0,0,1
18.74,47642830,501.2,-0.0,0.0,0.0,-12,-36,0.0,0,0.0,0,,,,0,0,0,0,0,0,0,2,2,1,0,0,0,0.0,0.0,0,1
18.94,47845149,499.2,0.0,0.0,0.0,-12,-36,0.0,0,0.0,0,,,,0,0,0,0,0,0,0,2,2,1,0,0,0,0.0,0.0,0,1
19.14,48046731,501.0,0.0,0.0,0.0,-12,-28,0.0,0,0.0,0,,,,0,0,0,0,0,0,0,2,2,1,0,0,0,0.0,0.0,0,1
19.34,48249499,498.1,-0.0,0.0,0.0,-12,-36,0.0,0,0.0,0,,,,0,0,0,0,0,0,0,2,2,1,0,0,0,0.0,0.0,0,1
19.54,48451321,500.4,0.0,0.0,0.0,-12,-36,0.0,0,0.0,0,,,,0,0,0,0,0,0,0,2,2,1,0,0,0,0.0,0.0,0,1
19.74,48653236,500.2,-0.0,0.0,0.0,-12,-40,0.0,0,0.0,0,,,,0,0,0,0,0,0,0,2,2,1,0,0,0,0.0,0.0,0,1
19.94,48855469,499.4,0.0,0.0,0.0,-12,-40,0.0,0,0.0,0,,,,0,0,0,0,0,0,0,2,2,1,0,0,0,0.0,0.0,0,1
20.15,49057371,500.2,0.0,0.0,0.0,-12,-32,0.0,0,0.0,0,,,,0,0,0,0,0,0,0,2,2,1,0,0,0,0.0,0.0,0,1
20.35,49261405,499.9,0.0,-0.0,-0.0,-16,-32,0.0,0,0.0,0,,,,0,0,0,0,0,0,0,2,2,1,0,0,0,0.0,0.0,0,1
20.55,49465175,500.6,-0.0,0.0,0.0,-12,-40,0.0,0,0.0,0,,,,0,0,0,0,0,0,0,2,2,1,0,0,0,0.0,0.0,0,1
20.75,49666866,500.8,0.0,0.0,0.0,-12,-40,0.0,0,0.0,0,,,,0,0,0,0,0,0,0,2,2,1,0,0,0,0.0,0.0,0,1
20.95,49869166,499.3,0.0,0.0,0.0,-8,-36,0.0,0,0.0,0,,,,0,0,0,0,0,0,0,2,2,1,0,0,0,0.0,0.0,0,1
21.15,50071343,499.6,0.0,-0.0,-0.0,-12,-32,0.0,0,0.0,0,,,,0,0,0,0,0,0,0,2,2,1,0,0,0,0.0,0.0,0,1
21.35,50273383,499.9,0.0,0.0,0.0,-12,-32,0.0,0,0.0,0,,,,0,0,0,0,0,0,0,2,2,1,0,0,0,0.0,0.0,0,1
21.55,50477445,499.8,-0.0,0.0,0.0,-8,-36,0.0,0,0.0,0,,,,0,0,0,0,0,0,0,2,2,1,0,0,0,0.0,0.0,0,1
21.76,50680990,501.1,0.0,-0.0,-0.0,-12,-36,0.0,0,0.0,0,,,,0,0,0,0,0,0,0,2,2,1,0,0,0,0.0,0.0,0,1
21.96,50882856,500.3,0.0,0.0,0.0,-12,-36,0.0,0,0.0,0,,,,0,0,0,0,0,0,0,2,2,1,0,0,0,0.0,0.0,0,1
22.16,51085197,499.2,0.0,0.0,0.0,-12,-28,0.0,0,0.0,0,,,,0,0,0,0,0,0,0,2,2,1,0,0,0,0.0,0.0,0,1
22.36,51288962,500.6,-0.0,0.0,0.0,-12,-36,0.0,0,0.0,0,,,,0,0,0,0,0,0,0,2,2,1,0,0,0,0.0,0.0,0,1
22.56,51489654,498.3,0.0,0.0,0.0,-12,-36,0.0,0,0.0,0,,,,0,0,0,0,0,0,0,2,2,1,0,0,0,0.0,0.0,0,1
22.76,51693441,500.5,0.0,0.0,0.0,-12,-32,0.0,0,0.0,0,,,,0,0,0,0,0,0,0,2,2,1,0,0,0,0.0,0.0,0,1
22.96,51895095,500.9,-0.0,0.0,0.0,-12,-40,0.0,0,0.0,0,,,,0,0,0,0,0,0,0,2,2,1,0,0,0,0.0,0.0,0,1
23.17,52096975,500.3,0.0,0.0,0.0,-12,-32,0.0,0,0.0,0,,,,0,0,0,0,0,0,0,2,2,1,0,0,0,0.0,0.0,0,1
23.37,52299411,498.9,-0.0,-0.0,-0.0,-16,-40,0.0,0,0.0,0,,,,0,0,0,0,0,0,0,2,2,1,0,0,0,0.0,0.0,0,1
23.57,52503363,500.1,0.0,0.0,0.0,-12,-36,0.0,0,0.0,0,,,,0,0,0,0,0,0,0,2,2,1,0,0,0,0.0,0.0,0,1
23.77,52705105,500.6,-0.0,0.0,0.0,-12,-40,0.0,0,0.0,0,,,,0,0,0,0,0,0,0,2,2,1,0,0,0,0.0,0.0,0,1
23.97,52909203,499.8,0.0,0.0,0.0,-12,-36,0.0,0,0.0,0,,,,0,0,0,0,0,0,0,2,2,1,0,0,0,0.0,0.0,0,1
24.17,53111456,499.4,-0.0,0.0,0.0,-8,-40,0.0,0,0.0,0,,,,0,0,0,0,0,0,0,2,2,1,0,0,0,0.0,0.0,0,1
24.37,53312870,501.5,0.0,-0.0,-0.0,-12,-36,0.0,0,0.0,0,,,,0,0,0,0,0,0,0,2,2,1,0,0,0,0.0,0.0,0,1
24.57,53513552,498.3,-0.0,0.0,0.0,-12,-40,0.0,0,0.0,0,,,,0,0,0,0,0,0,0,2,2,1,0,0,0,0.0,0.0,0,1
24.78,53717394,500.4,0.0,0.0,0.0,-12,-32,0.0,0,0.0,0,,,,0,0,0,0,0,0,0,2,2,1,0,0,0,0.0,0.0,0,1
24.98,53921114,500.7,-0.0,0.0,0.0,-12,-40,0.0,0,0.0,0,,,,0,0,0,0,0,0,0,2,2,1,0,0,0,0.0,0.0,0,1
25.18,54123471,499.1,0.0,0.0,0.0,-12,-32,0.0,0,0.0,0,,,,0,0,0,0,0,0,0,2,2,1,0,0,0,0.0,0.0,0,1
25.38,54325558,499.8,-0.0,0.0,0.0,-12,-36,0.0,0,0.0,0,,,,0,0,0,0,0,0,0,2,2,1,0,0,0,0.0,0.0,0,1
25.58,54528767,501.9,-0.0,0.0,0.0,-12,-40,0.0,0,0.0,0,,,,0,0,0,0,0,0,0,2,2,1,0,0,0,0.0,0.0,0,1
25.78,54729605,497.9,0.0,0.0,0.0,-12,-36,0.0,0,0.0,0,,,,0,0,0,0,0,0,0,2,2,1,0,0,0,0.0,0.0,0,1
25.98,54930900,501.8,0.0,0.0,0.0,-8,-36,0.0,0,0.0,0,,,,0,0,0,0,0,0,0,2,2,1,0,0,0,0.0,0.0,0,1
26.18,55131482,498.5,0.0,-0.0,-0.0,-12,-36,0.0,0,0.0,0,,,,0,0,0,0,0,0,0,2,2,1,0,0,0,0.0,0.0,0,1
26.38,55335015,501.1,0.0,0.0,0.0,-12,-32,0.0,0,0.0,0,,,,0,0,0,0,0,0,0,2,2,1,0,0,0,0.0,0.0,0,1
26.59,55537367,499.1,-0.0,0.0,0.0,-12,-36,0.0,0,0.0,0,,,,0,0,0,0,0,0,0,2,2,1,0,0,0,0.0,0.0,0,1
26.79,55741025,500.8,-0.0,0.0,0.0,-12,-44,0.0,0,0.0,0,,,,0,0,0,0,0,0,0,2,2,1,0,0,0,0.0,0.0,0,1
26.99,55942759,500.7,0.0,0.0,0.0,-4,-32,0.0,0,0.0,0,,,,0,0,0,0,0,0,0,2,2,1,0,0,0,0.0,0.0,0,1
27.19,56146759,500.0,0.0,-0.0,-0.0,-12,-32,0.0,0,0.0,0,,,,0,0,0,0,0,0,0,2,2,1,0,0,0,0.0,0.0,0,1
27.39,56347341,498.5,-0.0,0.0,0.0,-12,-36,0.0,0,0.0,0,,,,0,0,0,0,0,0,0,2,2,1,0,0,0,0.0,0.0,0,1
27.59,56548898,501.1,-0.0,-0.0,-0.0,-24,-40,0.0,0,0.0,0,,,,0,0,0,0,0,0,0,2,2,1,0,0,0,0.0,0.0,0,1
27.79,56750709,500.5,0.0,0.0,0.0,-12,-40,0.0,0,0.0,0,,,,0,0,0,0,0,0,0,2,2,1,0,0,0,0.0,0.0,0,1
27.99,56953156,498.9,0.0,0.0,0.0,-12,-40,0.0,0,0.0,0,,,,0,0,0,0,0,0,0,2,2,1,0,0,0,0.0,0.0,0,1
28.19,57154937,500.5,0.0,0.0,0.0,-8,-36,0.0,0,0.0,0,,,,0,0,0,0,0,0,0,2,2,1,0,0,0,0.0,0.0,0,1
28.4,57356678,500.6,-0.0,-0.0,-0.0,-24,-40,0.0,0,0.0,0,,,,0,0,0,0,0,0,0,2,2,1,0,0,0,0.0,0.0,0,1
28.6,57557407,498.2,0.0,0.0,0.0,-12,-32,0.0,0,0.0,0,,,,0,0,0,0,0,0,0,2,2,1,0,0,0,0.0,0.0,0,1
28.8,57759207,500.5,-0.0,0.0,0.0,-12,-44,0.0,0,0.0,0,,,,0,0,0,0,0,0,0,2,2,1,0,0,0,0.0,0.0,0,1
29.0,57960932,500.7,0.0,0.0,0.0,-12,-40,0.0,0,0.0,0,,,,0,0,0,0,0,0,0,2,2,1,0,0,0,0.0,0.0,0,1
29.2,58162695,500.6,0.0,0.0,0.0,-8,-36,0.0,0,0.0,0,,,,0,0,0,0,0,0,0,2,2,1,0,0,0,0.0,0.0,0,1
29.4,58363331,498.4,-0.0,-0.0,-0.0,-12,-44,0.0,0,0.0,0,,,,0,0,0,0,0,0,0,2,2,1,0,0,0,0.0,0.0,0,1
29.6,58565457,499.7,0.0,0.0,0.0,-8,-36,0.0,0,0.0,0,,,,0,0,0,0,0,0,0,2,2,1,0,0,0,0.0,0.0,0,1
29.8,58769030,501.0,0.0,0.0,0.0,-8,-32,0.0,0,0.0,0,,,,0,0,0,0,0,0,0,2,2,1,0,0,0,0.0,0.0,0,1
30.0,58971304,499.3,-0.0,-0.0,-0.0,-16,-36,0.0,0,0.0,0,,,,0,0,0,0,0,0,0,2,2,1,0,0,0,0.0,0.0,0,1
30.21,59173440,499.7,-0.0,-0.0,-0.0,-20,-40,0.0,0,0.0,0,,,,0,0,0,0,0,0,0,2,2,1,0,0,0,0.0,0.0,0,1
30.41,59376877,501.4,0.0,0.0,0.0,-8,-32,0.0,0,0.0,0,,,,0,0,0,0,0,0,0,2,2,1,0,0,0,0.0,0.0,0,1
30.61,59579403,498.7,-0.0,-0.0,-0.0,-12,-40,0.0,0,0.0,0,,,,0,0,0,0,0,0,0,2,2,1,0,0,0,0.0,0.0,0,1
30.81,59781422,500.0,0.0,-0.0,-0.0,-16,-32,0.0,0,0.0,0,,,,0,0,0,0,0,0,0,2,2,1,0,0,0,0.0,0.0,0,1
31.01,59983156,500.7,-0.0,0.0,0.0,-16,-36,0.0,0,0.0,0,,,,0,0,0,0,0,0,0,2,2,1,0,0,0,0.0,0.0,0,1
31.21,60185225,499.8,-0.0,0.0,0.0,-12,-40,0.0,0,0.0,0,,,,0,0,0,0,0,0,0,2,2,1,0,0,0,0.0,0.0,0,1
31.41,60387341,499.7,0.0,0.0,0.0,-12,-36,0.0,0,0.0,0,,,,0,0,0,0,0,0,0,2,2,1,0,0,0,0.0,0.0,0,1
31.61,60591029,500.8,0.0,0.0,0.0,-4,-36,0.0,0,0.0,0,,,,0,0,0,0,0,0,0,2,2,1,0,0,0,0.0,0.0,0,1
31.82,60795121,499.8,-0.0,-0.0,-0.0,-12,-44,0.0,0,0.0,0,,,,0,0,0,0,0,0,0,2,2,1,0,0,0,0.0,0.0,0,1
32.02,60997378,499.4,0.0,-0.0,-0.0,-16,-32,0.0,0,0.0,0,,,,0,0,0,0,0,0,0,2,2,1,0,0,0,0.0,0.0,0,1
32.22,61199203,500.4,0.0,-0.0,-0.0,-20,-32,0.0,0,0.0,0,,,,0,0,0,0,0,0,0,2,2,1,0,0,0,0.0,0.0,0,1
32.42,61402799,501.0,-0.0,0.0,0.0,-16,-36,0.0,0,0.0,0,,,,0,0,0,0,0,0,0,2,2,1,0,0,0,0.0,0.0,0,1
32.62,61605123,499.2,0.0,0.0,0.0,-16,-28,0.0,0,0.0,0,,,,0,0,0,0,0,0,0,2,2,1,0,0,0,0.0,0.0,0,1
32.82,61807044,500.2,-0.0,0.0,0.0,-12,-40,0.0,0,0.0,0,,,,0,0,0,0,0,0,0,2,2,1,0,0,0,0.0,0.0,0,1
33.02,62008916,500.3,0.0,0.0,0.0,-12,-32,0.0,0,0.0,0,,,,0,0,0,0,0,0,0,2,2,1,0,0,0,0.0,0.0,0,1
33.22,62211439,498.7,0.0,0.0,0.0,-12,-28,0.0,0,0.0,0,,,,0,0,0,0,0,0,0,2,2,1,0,0,0,0.0,0.0,0,1
33.42,62412997,501.1,-0.0,-0.0,-0.0,-20,-36,0.0,0,0.0,0,,,,0,0,0,0,0,0,0,2,2,1,0,0,0,0.0,0.0,0,1
33.63,62615170,499.6,0.0,0.0,0.0,-12,-36,0.0,0,0.0,0,,,,0,0,0,0,0,0,0,2,2,1,0,0,0,0.0,0.0,0,1
33.83,62817210,499.9,0.0,0.0,0.0,-12,-36,0.0,0,0.0,0,,,,0,0,0,0,0,0,0,2,2,1,0,0,0,0.0,0.0,0,1
34.03,63020984,500.6,-0.0,0.0,0.0,-8,-44,0.0,0,0.0,0,,,,0,0,0,0,0,0,0,2,2,1,0,0,0,0.0,0.0,0,1
34.23,63223586,498.5,0.0,-0.0,-0.0,-12,-32,0.0,0,0.0,0,,,,0,0,0,0,0,0,0,2,2,1,0,0,0,0.0,0.0,0,1
34.43,63426975,501.5,-0.0,0.0,0.0,-12,-36,0.0,0,0.0,0,,,,0,0,0,0,0,0,0,2,2,1,0,0,0,0.0,0.0,0,1
34.63,63627420,498.9,0.0,0.0,0.0,-12,-36,0.0,0,0.0,0,,,,0,0,0,0,0,0,0,2,2,1,0,0,0,0.0,0.0,0,1
34.83,63829149,500.7,-0.0,0.0,0.0,-12,-44,0.0,0,0.0,0,,,,0,0,0,0,0,0,0,2,2,1,0,0,0,0.0,0.0,0,1
35.03,64030890,500.6,0.0,-0.0,-0.0,-20,-32,0.0,0,0.0,0,,,,0,0,0,0,0,0,0,2,2,1,0,0,0,0.0,0.0,0,1
35.24,64231558,498.3,-0.0,0.0,0.0,-4,-36,0.0,0,0.0,0,,,,0,0,0,0,0,0,0,2,2,1,0,0,0,0.0,0.0,0,1
35.44,64433341,500.5,0.0,-0.0,-0.0,-12,-36,0.0,0,0.0,0,,,,0,0,0,0,0,0,0,2,2,1,0,0,0,0.0,0.0,0,1
35.64,64635034,500.8,0.0,0.0,0.0,-12,-28,0.0,0,0.0,0,,,,0,0,0,0,0,0,0,2,2,1,0,0,0,0.0,0.0,0,1
35.84,64836700,500.8,-0.0,0.0,0.0,-12,-32,0.0,0,0.0,0,,,,0,0,0,0,0,0,0,2,2,1,0,0,0,0.0,0.0,0,1
36.04,65039206,498.8,0.0,0.0,0.0,-12,-32,0.0,0,0.0,0,,,,0,0,0,0,0,0,0,2,2,1,0,0,0,0.0,0.0,0,1
36.24,65240861,500.9,0.0,0.0,0.0,-12,-32,0.0,0,0.0,0,,,,0,0,0,0,0,0,0,2,2,1,0,0,0,0.0,0.0,0,1
36.44,65443163,499.3,0.0,0.0,0.0,-8,-32,0.0,0,0.0,0,,,,0,0,0,0,0,0,0,2,2,1,0,0,0,0.0,0.0,0,1
36.64,65645395,499.4,0.0,-0.0,-0.0,-20,-32,0.0,0,0.0,0,,,,0,0,0,0,0,0,0,2,2,1,0,0,0,0.0,0.0,0,1
36.85,65847410,500.0,0.0,0.0,0.0,-8,-32,0.0,0,0.0,0,,,,0,0,0,0,0,0,0,2,2,1,0,0,0,0.0,0.0,0,1
37.05,66050923,501.2,-0.0,-0.0,-0.0,-12,-44,0.0,0,0.0,0,,,,0,0,0,0,0,0,0,2,2,1,0,0,0,0.0,0.0,0,1
37.25,66151600,496.6,0.0,0.0,0.0,-4,-32,0.0,0,0.0,0,,,,0,0,0,0,0,0,0,2,2,1,0,0,0,0.0,0.0,0,1
37.45,66354933,501.6,-0.0,-0.0,-0.0,-12,-36,0.0,0,0.0,0,,,,0,0,0,0,0,0,0,2,2,1,0,0,0,0.0,0.0,0,1
37.65,66556871,500.2,0.0,0.0,0.0,-12,-36,0.0,0,0.0,0,,,,0,0,0,0,0,0,0,2,2,1,0,0,0,0.0,0.0,0,1
37.85,66759207,499.2,-0.0,-0.0,-0.0,-16,-44,0.0,0,0.0,0,,,,0,0,0,0,0,0,0,2,2,1,0,0,0,0.0,0.0,0,1
38.05,66961085,500.3,0.0,0.0,0.0,-16,-32,0.0,0,0.0,0,,,,0,0,0,0,0,0,0,2,2,1,0,0,0,0.0,0.0,0,1
38.25,67163306,499.5,-0.0,0.0,0.0,-8,-40,0.0,0,0.0,0,,,,0,0,0,0,0,0,0,2,2,1,0,0,0,0.0,0.0,0,1
38.46,67367034,500.7,0.0,-0.0,-0.0,-12,-32,0.0,0,0.0,0,,,,0,0,0,0,0,0,0,2,2,1,0,0,0,0.0,0.0,0,1
38.66,67571007,500.1,-0.0,0.0,0.0,-12,-40,0.0,0,0.0,0,,,,0,0,0,0,0,0,0,2,2,1,0,0,0,0.0,0.0,0,1
38.86,67774902,500.3,0.0,0.0,0.0,-8,-32,0.0,0,0.0,0,,,,0,0,0,0,0,0,0,2,2,1,0,0,0,0.0,0.0,0,1
39.06,67978784,500.3,-0.0,-0.0,-0.0,-12,-44,0.0,0,0.0,0,,,,0,0,0,0,0,0,0,2,2,1,0,0,0,0.0,0.0,0,1
39.26,68181424,498.4,0.0,0.0,0.0,-12,-36,0.0,0,0.0,0,,,,0,0,0,0,0,0,0,2,2,1,0,0,0,0.0,0.0,0,1
39.46,68385110,500.8,0.0,0.0,0.0,-8,-32,0.0,0,0.0,0,,,,0,0,0,0,0,0,0,2,2,1,0,0,0,0.0,0.0,0,1
39.66,68589040,500.2,0.0,-0.0,-0.0,-12,-32,0.0,0,0.0,0,,,,0,0,0,0,0,0,0,2,2,1,0,0,0,0.0,0.0,0,1
39.87,68791351,499.2,-0.0,0.0,0.0,-12,-36,0.0,0,0.0,0,,,,0,0,0,0,0,0,0,2,2,1,0,0,0,0.0,0.0,0,1
40.07,68994695,501.6,0.0,0.0,0.0,-12,-28,0.0,0,0.0,0,,,,0,0,0,0,0,0,0,2,2,1,0,0,0,0.0,0.0,0,1
40.27,69197471,498.1,-0.0,0.0,0.0,-8,-44,0.0,0,0.0,0,,,,0,0,0,0,0,0,0,2,2,1,0,0,0,0.0,0.0,0,1
40.47,69400701,501.9,0.0,-0.0,-0.0,-12,-36,0.0,0,0.0,0,,,,0,0,0,0,0,0,0,2,2,1,0,0,0,0.0,0.0,0,1
40.67,69602900,499.5,0.0,-0.0,-0.0,-20,-32,0.0,0,0.0,0,,,,0,0,0,0,0,0,0,2,2,1,0,0,0,0.0,0.0,0,1
40.87,69803471,498.6,0.0,0.0,0.0,-4,-32,0.0,0,0.0,0,,,,0,0,0,0,0,0,0,2,2,1,0,0,0,0.0,0.0,0,1
41.07,70006946,501.3,-0.0,0.0,0.0,-4,-40,0.0,0,0.0,0,,,,0,0,0,0,0,0,0,2,2,1,0,0,0,0.0,0.0,0,1
41.27,70208973,499.9,0.0,-0.0,-0.0,-24,-36,0.0,0,0.0,0,,,,0,0,0,0,0,0,0,2,2,1,0,0,0,0.0,0.0,0,1
41.47,70410902,500.2,0.0,0.0,0.0,-12,-32,0.0,0,0.0,0,,,,0,0,0,0,0,0,0,2,2,1,0,0,0,0.0,0.0,0,1
41.67,70612700,500.5,0.0,-0.0,-0.0,-16,-28,0.0,0,0.0,0,,,,0,0,0,0,0,0,0,2,2,1,0,0,0,0.0,0.0,0,1
41.88,70815095,499.0,-0.0,0.0,0.0,-8,-36,0.0,0,0.0,0,,,,0,0,0,0,0,0,0,2,2,1,0,0,0,0.0,0.0,0,1
42.08,71017352,499.4,-0.0,0.0,0.0,0,-40,0.0,0,0.0,0,,,,0,0,0,0,0,0,0,2,2,1,0,0,0,0.0,0.0,0,1
42.28,71220704,501.6,0.0,-0.0,-0.0,-12,-36,0.0,0,0.0,0,,,,0,0,0,0,0,0,0,2,2,1,0,0,0,0.0,0.0,0,1
42.48,71423492,498.1,0.0,0.0,0.0,-4,-32,0.0,0,0.0,0,,,,0,0,0,0,0,0,0,2,2,1,0,0,0,0.0,0.0,0,1
42.68,71625356,500.3,0.0,-0.0,-0.0,-12,-32,0.0,0,0.0,0,,,,0,0,0,0,0,0,0,2,2,1,0,0,0,0.0,0.0,0,1
42.88,71827480,499.7,-0.0,0.0,0.0,-12,-40,0.0,0,0.0,0,,,,0,0,0,0,0,0,0,2,2,1,0,0,0,0.0,0.0,0,1
43.08,72029524,499.9,0.0,0.0,0.0,-12,-36,0.0,0,0.0,0,,,,0,0,0,0,0,0,0,2,2,1,0,0,0,0.0,0.0,0,1
43.28,72231290,500.6,-0.0,0.0,0.0,-8,-40,0.0,0,0.0,0,,,,0,0,0,0,0,0,0,2,2,1,0,0,0,0.0,0.0,0,1
43.48,72435542,499.4,0.0,-0.0,-0.0,-16,-36,0.0,0,0.0,0,,,,0,0,0,0,0,0,0,2,2,1,0,0,0,0.0,0.0,0,1
43.69,72637020,501.3,0.0,0.0,0.0,-12,-36,0.0,0,0.0,0,,,,0,0,0,0,0,0,0,2,2,1,0,0,0,0.0,0.0,0,1
43.89,72841248,499.4,0.0,0.0,0.0,-12,-36,0.0,0,0.0,0,,,,0,0,0,0,0,0,0,2,2,1,0,0,0,0.0,0.0,0,1
44.09,73042895,500.9,0.0,0.0,0.0,-12,-32,0.0,0,0.0,0,,,,0,0,0,0,0,0,0,2,2,1,0,0,0,0.0,0.0,0,1
44.29,73245655,498.1,-0.0,0.0,0.0,-8,-36,0.0,0,0.0,0,,,,0,0,0,0,0,0,0,2,2,1,0,0,0,0.0,0.0,0,1
44.49,73447339,500.8,0.0,0.0,0.0,-8,-28,0.0,0,0.0,0,,,,0,0,0,0,0,0,0,2,2,1,0,0,0,0.0,0.0,0,1
44.69,73650820,501.3,-0.0,-0.0,-0.0,-12,-32,0.0,0,0.0,0,,,,0,0,0,0,0,0,0,2,2,1,0,0,0,0.0,0.0,0,1
44.89,73851215,499.0,-0.0,0.0,0.0,-8,-36,0.0,0,0.0,0,,,,0,0,0,0,0,0,0,2,2,1,0,0,0,0.0,0.0,0,1
45.09,74055042,500.4,0.0,-0.0,-0.0,-16,-36,0.0,0,0.0,0,,,,0,0,0,0,0,0,0,2,2,1,0,0,0,0.0,0.0,0,1
45.29,74257347,499.2,0.0,0.0,0.0,-12,-36,0.0,0,0.0,0,,,,0,0,0,0,0,0,0,2,2,1,0,0,0,0.0,0.0,0,1
45.49,74461425,499.8,0.0,0.0,0.0,-12,-36,0.0,0,0.0,0,,,,0,0,0,0,0,0,0,2,2,1,0,0,0,0.0,0.0,0,1
45.7,74664860,501.4,-0.0,0.0,0.0,-12,-44,0.0,0,0.0,0,,,,0,0,0,0,0,0,0,2,2,1,0,0,0,0.0,0.0,0,1
45.9,74865543,498.3,0.0,0.0,0.0,-8,-32,0.0,0,0.0,0,,,,0,0,0,0,0,0,0,2,2,1,0,0,0,0.0,0.0,0,1
46.1,75067314,500.6,-0.0,-0.0,-0.0,-12,-44,0.0,0,0.0,0,,,,0,0,0,0,0,0,0,2,2,1,0,0,0,0.0,0.0,0,1
46.3,75269087,500.6,0.0,0.0,0.0,-12,-44,0.0,0,0.0,0,,,,0,0,0,0,0,0,0,2,2,1,0,0,0,0.0,0.0,0,1
46.5,75473014,495.3,0.0,0.0,0.0,-12,-32,0.0,0,0.0,0,,,,0,0,0,0,0,0,0,2,2,1,0,0,0,0.0,0.0,0,1
46.7,75675271,499.4,-0.0,0.0,0.0,-8,-36,0.0,0,0.0,0,,,,0,0,0,0,0,0,0,2,2,1,0,0,0,0.0,0.0,0,1
46.9,75876695,501.4,0.0,0.0,0.0,-4,-28,0.0,0,0.0,0,,,,0,0,0,0,0,0,0,2,2,1,0,0,0,0.0,0.0,0,1
47.1,76079503,498.0,-0.0,-0.0,-0.0,-12,-40,0.0,0,0.0,0,,,,0,0,0,0,0,0,0,2,2,1,0,0,0,0.0,0.0,0,1
47.3,76281628,499.7,0.0,0.0,0.0,-12,-40,0.0,0,0.0,0,,,,0,0,0,0,0,0,0,2,2,1,0,0,0,0.0,0.0,0,1
47.51,76483397,500.6,0.0,0.0,0.0,-12,-36,0.0,0,0.0,0,,,,0,0,0,0,0,0,0,2,2,1,0,0,0,0.0,0.0,0,1
47.71,76685558,499.6,0.0,0.0,0.0,-12,-32,0.0,0,0.0,0,,,,0,0,0,0,0,0,0,2,2,1,0,0,0,0.0,0.0,0,1
47.91,76889294,500.6,-0.0,-0.0,-0.0,-16,-40,0.0,0,0.0,0,,,,0,0,0,0,0,0,0,2,2,1,0,0,0,0.0,0.0,0,1
48.11,77092888,501.0,-0.0,0.0,0.0,-12,-44,0.0,0,0.0,0,,,,0,0,0,0,0,0,0,2,2,1,0,12,0,0.004,0.0,0,1
48.31,77294886,500.0,0.0,0.0,0.0,-12,-44,0.0,0,0.0,0,,,,0,0,0,0,0,0,0,2,2,1,0,12,0,0.004,0.0,0,1
48.51,77495344,498.9,0.0,-0.0,-0.0,-20,-36,0.0,0,0.0,0,,,,0,0,0,0,0,0,0,2,2,1,0,12,0,0.004,0.0,0,1
48.71,77697312,500.1,-0.0,0.0,0.0,-4,-44,0.0,0,0.0,0,,,,0,0,0,0,0,0,0,2,2,1,0,12,0,0.004,0.0,0,1
48.91,77901033,500.7,0.0,-0.0,-0.0,-12,-32,0.0,0,0.0,0,,,,0,0,0,0,0,0,0,2,2,1,0,12,0,0.004,0.0,0,1
49.11,78105268,499.4,-0.0,0.0,0.0,-12,-36,0.0,0,0.0,0,,,,0,0,0,0,0,0,0,2,2,1,0,12,0,0.004,0.0,0,1
49.31,78306952,500.8,-0.0,0.0,0.0,-4,-40,0.0,0,0.0,0,,,,0,0,0,0,0,0,0,2,2,1,0,12,0,0.004,0.0,0,1
49.52,78509111,499.6,-0.0,-0.0,-0.0,-12,-44,0.0,0,0.0,0,,,,0,0,0,0,0,0,0,2,2,1,0,12,0,0.004,0.0,0,1
49.72,78711414,499.3,0.0,0.0,0.0,-12,-36,0.0,0,0.0,0,,,,0,0,0,0,0,0,0,2,2,1,0,12,0,0.004,0.0,0,1
49.92,78915328,500.2,-0.0,-0.0,-0.0,-16,-44,0.0,0,0.0,0,,,,0,0,0,0,0,0,0,2,2,1,0,12,0,0.004,0.0,0,1
50.12,79117480,499.6,0.0,0.0,0.0,-12,-44,0.0,0,0.0,0,,,,0,0,0,0,0,0,0,2,2,1,0,12,0,0.004,0.0,0,1
50.32,79321547,499.8,0.0,-0.0,-0.0,-16,-32,0.0,0,0.0,0,,,,0,0,0,0,0,0,0,2,2,1,0,12,0,0.004,0.0,0,1
50.52,79525480,500.2,-0.0,0.0,0.0,-8,-40,0.0,0,0.0,0,,,,0,0,0,0,0,0,0,2,2,1,0,12,0,0.004,0.0,0,1
50.72,79627422,500.3,-0.0,-0.0,-0.0,-12,-44,0.0,0,0.0,0,,,,0,0,0,0,0,0,0,2,2,1,0,12,0,0.004,0.0,0,1
50.92,79831095,500.8,0.0,0.0,0.0,-12,-32,0.0,0,0.0,0,,,,0,0,0,0,0,0,0,2,2,1,0,12,0,0.004,0.0,0,1
51.12,80033440,499.1,0.0,0.0,0.0,-12,-28,0.0,0,0.0,0,,,,0,0,0,0,0,0,0,2,2,1,0,12,0,0.004,0.0,0,1
51.32,80237193,500.6,-0.0,0.0,0.0,-12,-44,0.0,0,0.0,0,,,,0,0,0,0,0,0,0,2,2,1,0,12,0,0.004,0.0,0,1
51.53,80439634,498.9,0.0,0.0,0.0,-12,-40,0.0,0,0.0,0,,,,0,0,0,0,0,0,0,2,2,1,0,12,0,0.004,0.0,0,1
51.73,80643380,500.6,0.0,-0.0,-0.0,-16,-20,0.0,0,0.0,0,,,,0,0,0,0,0,0,0,2,2,1,0,12,0,0.004,0.0,0,1
51.93,80845029,500.9,-0.0,0.0,0.0,-16,-36,0.0,0,0.0,0,,,,0,0,0,0,0,0,0,2,2,1,0,12,0,0.004,0.0,0,1
52.13,81046664,500.9,-0.0,0.0,0.0,-12,-48,0.0,0,0.0,0,,,,0,0,0,0,0,0,0,2,2,1,0,12,0,0.004,0.0,0,1
52.33,81247137,498.8,0.0,0.0,0.0,-12,-36,0.0,0,0.0,0,,,,0,0,0,0,0,0,0,2,2,1,0,12,0,0.004,0.0,0,1
52.53,81448662,501.2,0.0,0.0,0.0,-4,-36,0.0,0,0.0,0,,,,0,0,0,0,0,0,0,2,2,1,0,12,0,0.004,0.0,0,1
52.73,81651447,498.1,-0.0,-0.0,-0.0,-8,-40,0.0,0,0.0,0,,,,0,0,0,0,0,0,0,2,2,1,0,12,0,0.004,0.0,0,1
52.93,81853280,500.4,0.0,-0.0,-0.0,-12,-40,0.0,0,0.0,0,,,,0,0,0,0,0,0,0,2,2,1,0,12,0,0.004,0.0,0,1
53.13,82054795,501.2,0.0,-0.0,-0.0,-16,-36,0.0,0,0.0,0,,,,0,0,0,0,0,0,0,2,2,1,0,12,0,0.004,0.0,0,1
53.33,82255472,498.3,0.0,0.0,0.0,-12,-36,0.0,0,0.0,0,,,,0,0,0,0,0,0,0,2,2,1,0,12,0,0.004,0.0,0,1
53.54,82457252,500.5,0.0,0.0,0.0,-12,-28,0.0,0,0.0,0,,,,0,0,0,0,0,0,0,2,2,1,0,12,0,0.004,0.0,0,1
53.74,82659108,500.4,-0.0,0.0,0.0,-12,-32,0.0,0,0.0,0,,,,0,0,0,0,0,0,0,2,2,1,0,12,0,0.004,0.0,0,1
53.94,82861512,499.0,-0.0,0.0,0.0,-12,-40,0.0,0,0.0,0,,,,0,0,0,0,0,0,0,2,2,1,0,12,0,0.004,0.0,0,1
54.14,83063170,500.8,0.0,0.0,0.0,-12,-32,0.0,0,0.0,0,,,,0,0,0,0,0,0,0,2,2,1,0,12,0,0.004,0.0,0,1
54.34,83266933,500.6,0.0,0.0,0.0,-12,-28,0.0,0,0.0,0,,,,0,0,0,0,0,0,0,2,2,1,0,12,0,0.004,0.0,0,1
54.54,83467303,499.1,-0.0,0.0,0.0,-8,-36,0.0,0,0.0,0,,,,0,0,0,0,0,0,0,2,2,1,0,12,0,0.004,0.0,0,1
54.74,83669080,500.6,0.0,-0.0,-0.0,-12,-32,0.0,0,0.0,0,,,,0,0,0,0,0,0,0,2,2,1,0,12,0,0.004,0.0,0,1
54.94,83871368,499.3,0.0,0.0,0.0,-12,-32,0.0,0,0.0,0,,,,0,0,0,0,0,0,0,2,2,1,0,12,0,0.004,0.0,0,1
55.14,84073071,500.7,0.0,0.0,0.0,-12,-32,0.0,0,0.0,0,,,,0,0,0,0,0,0,0,2,2,1,0,12,0,0.004,0.0,0,1
55.34,84275553,498.8,-0.0,0.0,0.0,-12,-36,0.0,0,0.0,0,,,,0,0,0,0,0,0,0,2,2,1,0,12,0,0.004,0.0,0,1
55.55,84477632,499.8,0.0,0.0,0.0,-12,-36,0.0,0,0.0,0,,,,0,0,0,0,0,0,0,2,2,1,0,12,0,0.004,0.0,0,1
55.75,84681070,501.4,0.0,-0.0,-0.0,-16,-28,0.0,0,0.0,0,,,,0,0,0,0,0,0,0,2,2,1,0,12,0,0.004,0.0,0,1
55.95,84881589,498.7,-0.0,0.0,0.0,-4,-32,0.0,0,0.0,0,,,,0,0,0,0,0,0,0,2,2,1,0,12,0,0.004,0.0,0,1
56.15,85085136,501.1,0.0,-0.0,-0.0,-12,-32,0.0,0,0.0,0,,,,0,0,0,0,0,0,0,2,2,1,0,12,0,0.004,0.0,0,1
56.35,85288809,500.8,-0.0,0.0,0.0,-12,-36,0.0,0,0.0,0,,,,0,0,0,0,0,0,0,2,2,1,0,12,0,0.004,0.0,0,1
56.55,85491071,499.4,-0.0,-0.0,-0.0,-20,-48,0.0,0,0.0,0,,,,0,0,0,0,0,0,0,2,2,1,0,12,0,0.004,0.0,0,1
56.75,85693501,498.9,-0.0,0.0,0.0,-12,-52,0.0,0,0.0,0,,,,0,0,0,0,0,0,0,2,2,1,0,12,0,0.004,0.0,0,1
56.95,85896872,501.5,0.0,0.0,0.0,-8,-36,0.0,0,0.0,0,,,,0,0,0,0,0,0,0,2,2,1,0,12,0,0.004,0.0,0,1
57.15,86099020,499.6,0.0,-0.0,-0.0,-12,-28,0.0,0,0.0,0,,,,0,0,0,0,0,0,0,2,2,1,0,12,0,0.004,0.0,0,1
57.35,86301534,498.7,-0.0,0.0,0.0,-12,-44,0.0,0,0.0,0,,,,0,0,0,0,0,0,0,2,2,1,0,12,0,0.004,0.0,0,1
57.56,86504901,501.6,0.0,-0.0,-0.0,-16,-40,0.0,0,0.0,0,,,,0,0,0,0,0,0,0,2,2,1,0,12,0,0.004,0.0,0,1
57.76,86706761,500.3,0.0,0.0,0.0,-12,-28,0.0,0,0.0,0,,,,0,0,0,0,0,0,0,2,2,1,0,12,0,0.004,0.0,0,1
57.96,86908934,499.6,-0.0,0.0,0.0,0,-32,0.0,0,0.0,0,,,,0,0,0,0,0,0,0,2,2,1,0,12,0,0.004,0.0,0,1
58.16,87110836,500.2,-0.0,-0.0,-0.0,-4,-44,0.0,0,0.0,0,,,,0,0,0,0,0,0,0,2,2,1,0,12,0,0.004,0.0,0,1
58.36,87312839,500.0,0.0,-0.0,-0.0,-20,-40,0.0,0,0.0,0,,,,0,0,0,0,0,0,0,2,2,1,0,12,0,0.004,0.0,0,1
58.56,87513337,498.8,0.0,0.0,0.0,-12,-40,0.0,0,0.0,0,,,,0,0,0,0,0,0,0,2,2,1,0,12,0,0.004,0.0,0,1
58.76,87715489,499.6,-0.0,0.0,0.0,-12,-44,0.0,0,0.0,0,,,,0,0,0,0,0,0,0,2,2,1,0,12,0,0.004,0.0,0,1
58.97,87917405,500.2,0.0,0.0,0.0,-8,-32,0.0,0,0.0,0,,,,0,0,0,0,0,0,0,2,2,1,0,12,0,0.004,0.0,0,1
59.17,88120901,501.2,0.0,-0.0,-0.0,-12,-28,0.0,0,0.0,0,,,,0,0,0,0,0,0,0,2,2,1,0,12,0,0.004,0.0,0,1
59.37,88325063,499.6,-0.0,0.0,0.0,-12,-40,0.0,0,0.0,0,,,,0,0,0,0,0,0,0,2,2,1,0,12,0,0.004,0.0,0,1
59.57,88527065,500.0,-0.0,0.0,0.0,-4,-44,0.0,0,0.0,0,,,,0,0,0,0,0,0,0,2,2,1,0,12,0,0.004,0.0,0,1
59.77,88731017,500.1,0.0,-0.0,-0.0,-12,-44,0.0,0,0.0,0,,,,0,0,0,0,0,0,0,2,2,1,0,12,0,0.004,0.0,0,1
59.97,88933147,499.7,0.0,0.0,0.0,-8,-44,0.0,0,0.0,0,,,,0,0,0,0,0,0,0,2,2,1,0,12,0,0.004,0.0,0,1
60.17,89135273,499.7,0.0,-0.0,-0.0,-12,-36,0.0,0,0.0,0,,,,0,0,0,0,0,0,0,2,2,1,0,12,0,0.004,0.0,0,1
60.37,89338739,501.3,-0.0,0.0,0.0,-12,-40,0.0,0,0.0,0,,,,0,0,0,0,0,0,0,2,2,1,0,12,0,0.004,0.0,0,1
60.57,89541068,499.2,0.0,0.0,0.0,-12,-36,0.0,0,0.0,0,,,,0,0,0,0,0,0,0,2,2,1,0,12,0,0.004,0.0,0,1
60.77,89742815,500.6,-0.0,0.0,0.0,-12,-40,0.0,0,0.0,0,,,,0,0,0,0,0,0,0,2,2,1,0,12,0,0.004,0.0,0,1
60.98,89943452,498.4,0.0,0.0,0.0,-12,-36,0.0,0,0.0,0,,,,0,0,0,0,0,0,0,2,2,1,0,12,0,0.004,0.0,0,1
61.18,90146794,501.6,0.0,0.0,0.0,-12,-36,0.0,0,0.0,0,,,,0,0,0,0,0,0,0,2,2,1,0,12,0,0.004,0.0,0,1
61.38,90348726,500.2,-0.0,0.0,0.0,-12,-40,0.0,0,0.0,0,,,,0,0,0,0,0,0,0,2,2,1,0,12,0,0.004,0.0,0,1
61.58,90549369,498.4,0.0,0.0,0.0,-12,-40,0.0,0,0.0,0,,,,0,0,0,0,0,0,0,2,2,1,0,12,0,0.004,0.0,0,1
61.78,90751048,500.8,-0.0,0.0,0.0,-12,-44,0.0,0,0.0,0,,,,0,0,0,0,0,0,0,2,2,1,0,12,0,0.004,0.0,0,1
61.98,90952998,500.1,0.0,0.0,0.0,-12,-32,0.0,0,0.0,0,,,,0,0,0,0,0,0,0,2,2,1,0,12,0,0.004,0.0,0,1
62.18,91155392,499.0,-0.0,-0.0,-0.0,-16,-36,0.0,0,0.0,0,,,,0,0,0,0,0,0,0,2,2,1,0,12,0,0.004,0.0,0,1
62.38,91359213,500.4,0.0,0.0,0.0,-16,-36,0.0,0,0.0,0,,,,0,0,0,0,0,0,0,2,2,1,0,12,0,0.004,0.0,0,1
62.58,91561083,500.3,0.0,0.0,0.0,-12,-32,0.0,0,0.0,0,,,,0,0,0,0,0,0,0,2,2,1,0,12,0,0.004,0.0,0,1
62.78,91763313,499.4,-0.0,-0.0,-0.0,-16,-44,0.0,0,0.0,0,,,,0,0,0,0,0,0,0,2,2,1,0,12,0,0.004,0.0,0,1
62.99,91967234,500.2,0.0,0.0,0.0,-12,-36,0.0,0,0.0,0,,,,0,0,0,0,0,0,0,2,2,1,0,12,0,0.004,0.0,0,1
63.19,92169309,499.8,0.0,0.0,0.0,-12,-36,0.0,0,0.0,0,,,,0,0,0,0,0,0,0,2,2,1,0,12,0,0.004,0.0,0,1
63.39,92372902,501.0,-0.0,0.0,0.0,-4,-44,0.0,0,0.0,0,,,,0,0,0,0,0,0,0,2,2,1,0,12,0,0.004,0.0,0,1
63.59,92574832,500.2,0.0,-0.0,-0.0,-12,-36,0.0,0,0.0,0,,,,0,0,0,0,0,0,0,2,2,1,0,12,0,0.004,0.0,0,1
63.79,92777155,499.2,-0.0,-0.0,-0.0,-20,-40,0.0,0,0.0,0,,,,0,0,0,0,0,0,0,2,2,1,0,12,0,0.004,0.0,0,1
63.99,92979581,498.9,0.0,0.0,0.0,-12,-40,0.0,0,0.0,0,,,,0,0,0,0,0,0,0,2,2,1,0,12,0,0.004,0.0,0,1
64.19,93183093,501.2,0.0,0.0,0.0,-12,-32,0.0,0,0.0,0,,,,0,0,0,0,0,0,0,2,2,1,0,12,0,0.004,0.0,0,1
64.39,93385437,499.1,-0.0,0.0,0.0,-12,-40,0.0,0,0.0,0,,,,0,0,0,0,0,0,0,2,2,1,0,12,0,0.004,0.0,0,1
64.6,93587220,500.5,0.0,0.0,0.0,-12,-36,0.0,0,0.0,0,,,,0,0,0,0,0,0,0,2,2,1,0,12,0,0.004,0.0,0,1
64.8,93789517,499.3,-0.0,0.0,0.0,-12,-40,0.0,0,0.0,0,,,,0,0,0,0,0,0,0,2,2,1,0,12,0,0.004,0.0,0,1
65.0,93991265,500.6,0.0,0.0,0.0,-12,-28,0.0,0,0.0,0,,,,0,0,0,0,0,0,0,2,2,1,0,12,0,0.004,0.0,0,1
65.2,94194868,501.0,-0.0,-0.0,-0.0,-16,-44,0.0,0,0.0,0,,,,0,0,0,0,0,0,0,2,2,1,0,12,0,0.004,0.0,0,1
65.4,94396776,500.2,0.0,0.0,0.0,-16,-36,0.0,0,0.0,0,,,,0,0,0,0,0,0,0,2,2,1,0,12,0,0.004,0.0,0,1
65.6,94597432,498.4,0.0,0.0,0.0,-8,-36,0.0,0,0.0,0,,,,0,0,0,0,0,0,0,2,2,1,0,12,0,0.004,0.0,0,1
65.8,94798979,501.1,-0.0,-0.0,-0.0,-12,-40,0.0,0,0.0,0,,,,0,0,0,0,0,0,0,2,2,1,0,12,0,0.004,0.0,0,1
66.0,94999472,498.8,0.0,0.0,0.0,-12,-40,0.0,0,0.0,0,,,,0,0,0,0,0,0,0,2,2,1,0,12,0,0.004,0.0,0,1
66.2,95203398,500.2,0.0,-0.0,-0.0,-16,-36,0.0,0,0.0,0,,,,0,0,0,0,0,0,0,2,2,1,0,12,0,0.004,0.0,0,1
66.4,95406917,501.2,0.0,0.0,0.0,-12,-28,0.0,0,0.0,0,,,,0,0,0,0,0,0,0,2,2,1,0,12,0,0.004,0.0,0,1
66.61,95609072,499.6,-0.0,0.0,0.0,-12,-32,0.0,0,0.0,0,,,,0,0,0,0,0,0,0,2,2,1,0,12,0,0.004,0.0,0,1
66.81,95811190,499.7,-0.0,0.0,0.0,-12,-40,0.0,0,0.0,0,,,,0,0,0,0,0,0,0,2,2,1,0,12,0,0.004,0.0,0,1
67.01,96013186,500.0,0.0,-0.0,-0.0,-16,-36,0.0,0,0.0,0,,,,0,0,0,0,0,0,0,2,2,1,0,12,0,0.004,0.0,0,1
67.21,96114703,502.4,0.0,0.0,0.0,-12,-36,0.0,0,0.0,0,,,,0,0,0,0,0,0,0,2,2,1,0,12,0,0.004,0.0,0,1
67.41,96316725,499.9,0.0,0.0,0.0,-12,-32,0.0,0,0.0,0,,,,0,0,0,0,0,0,0,2,2,1,0,12,0,0.004,0.0,0,1
67.61,96519127,499.0,-0.0,0.0,0.0,-12,-40,0.0,0,0.0,0,,,,0,0,0,0,0,0,0,2,2,1,0,12,0,0.004,0.0,0,1
67.81,96721037,500.2,0.0,-0.0,-0.0,-16,-36,0.0,0,0.0,0,,,,0,0,0,0,0,0,0,2,2,1,0,12,0,0.004,0.0,0,1
68.01,96922989,500.1,0.0,0.0,0.0,-16,-36,0.0,0,0.0,0,,,,0,0,0,0,0,0,0,2,2,1,0,12,0,0.004,0.0,0,1
68.22,97124998,500.0,-0.0,0.0,0.0,-12,-44,0.0,0,0.0,0,,,,0,0,0,0,0,0,0,2,2,1,0,12,0,0.004,0.0,0,1
68.42,97327081,499.8,0.0,0.0,0.0,-12,-32,0.0,0,0.0,0,,,,0,0,0,0,0,0,0,2,2,1,0,12,0,0.004,0.0,0,1
68.62,97528877,500.5,-0.0,0.0,0.0,-12,-36,0.0,0,0.0,0,,,,0,0,0,0,0,0,0,2,2,1,0,12,0,0.004,0.0,0,1
68.82,97731032,499.6,0.0,0.0,0.0,-12,-36,0.0,0,0.0,0,,,,0,0,0,0,0,0,0,2,2,1,0,12,0,0.004,0.0,0,1
69.02,97933056,499.9,-0.0,0.0,0.0,-8,-44,0.0,0,0.0,0,,,,0,0,0,0,0,0,0,2,2,1,0,12,0,0.004,0.0,0,1
69.22,98135508,498.9,0.0,-0.0,-0.0,-16,-40,0.0,0,0.0,0,,,,0,0,0,0,0,0,0,2,2,1,0,12,0,0.004,0.0,0,1
69.42,98338930,501.4,0.0,0.0,0.0,-16,-36,0.0,0,0.0,0,,,,0,0,0,0,0,0,0,2,2,1,0,12,0,0.004,0.0,0,1
69.62,98540882,500.1,0.0,0.0,0.0,-12,-32,0.0,0,0.0,0,,,,0,0,0,0,0,0,0,2,2,1,0,12,0,0.004,0.0,0,1
69.82,98741473,498.5,-0.0,0.0,0.0,-12,-40,0.0,0,0.0,0,,,,0,0,0,0,0,0,0,2,2,1,0,12,0,0.004,0.0,0,1
70.02,98943319,500.4,0.0,0.0,0.0,-12,-36,0.0,0,0.0,0,,,,0,0,0,0,0,0,0,2,2,1,0,12,0,0.004,0.0,0,1
70.22,99145463,499.6,0.0,0.0,0.0,-12,-32,0.0,0,0.0,0,,,,0,0,0,0,0,0,0,2,2,1,0,12,0,0.004,0.0,0,1
70.43,99349211,500.6,-0.0,0.0,0.0,-12,-36,0.0,0,0.0,0,,,,0,0,0,0,0,0,0,2,2,1,0,12,0,0.004,0.0,0,1
70.63,99553519,499.2,0.0,0.0,0.0,-4,-28,0.0,0,0.0,0,,,,0,0,0,0,0,0,0,2,2,1,0,12,0,0.004,0.0,0,1
70.83,99757020,501.2,-0.0,-0.0,-0.0,-12,-44,0.0,0,0.0,0,,,,0,0,0,0,0,0,0,2,2,1,0,12,0,0.004,0.0,0,1
71.03,99959547,498.7,0.0,0.0,0.0,-8,-44,0.0,0,0.0,0,,,,0,0,0,0,0,0,0,2,2,1,0,12,0,0.004,0.0,0,1
71.23,100162898,501.6,0.0,-0.0,-0.0,-12,-40,0.0,0,0.0,0,,,,0,0,0,0,0,0,0,2,2,1,0,12,0,0.004,0.0,0,1
71.43,100365470,498.6,0.0,0.0,0.0,-8,-36,0.0,0,0.0,0,,,,0,0,0,0,0,0,0,2,2,1,0,12,0,0.004,0.0,0,1
71.63,100567053,501.0,0.0,-0.0,-0.0,-12,-28,0.0,0,0.0,0,,,,0,0,0,0,0,0,0,2,2,1,0,12,0,0.004,0.0,0,1
71.83,100768871,500.5,-0.0,0.0,0.0,-12,-44,0.0,0,0.0,0,,,,0,0,0,0,0,0,0,2,2,1,0,12,0,0.004,0.0,0,1
72.04,100971144,499.3,0.0,0.0,0.0,-8,-40,0.0,0,0.0,0,,,,0,0,0,0,0,0,0,2,2,1,0,12,0,0.004,0.0,0,1
72.24,101173246,499.7,0.0,0.0,0.0,-8,-32,0.0,0,0.0,0,,,,0,0,0,0,0,0,0,2,2,1,0,12,0,0.004,0.0,0,1
72.44,101376675,501.4,-0.0,0.0,0.0,-4,-40,0.0,0,0.0,0,,,,0,0,0,0,0,0,0,2,2,1,0,12,0,0.004,0.0,0,1
72.64,101578756,499.8,0.0,-0.0,-0.0,-12,-40,0.0,0,0.0,0,,,,0,0,0,0,0,0,0,2,2,1,0,12,0,0.004,0.0,0,1
72.84,101779448,498.3,0.0,0.0,0.0,-12,-40,0.0,0,0.0,0,,,,0,0,0,0,0,0,0,2,2,1,0,12,0,0.004,0.0,0,1
73.04,101981316,500.3,0.0,-0.0,-0.0,-24,-40,0.0,0,0.0,0,,,,0,0,0,0,0,0,0,2,2,1,0,12,0,0.004,0.0,0,1
73.24,102184878,501.1,0.0,0.0,0.0,-8,-36,0.0,0,0.0,0,,,,0,0,0,0,0,0,0,2,2,1,0,12,0,0.004,0.0,0,1
73.44,102387055,499.6,-0.0,0.0,0.0,-8,-40,0.0,0,0.0,0,,,,0,0,0,0,0,0,0,2,2,1,0,12,0,0.004,0.0,0,1
73.65,102589595,498.7,0.0,0.0,0.0,-8,-40,0.0,0,0.0,0,,,,0,0,0,0,0,0,0,2,2,1,0,12,0,0.004,0.0,0,1
73.85,102792858,501.8,0.0,-0.0,-0.0,-16,-28,0.0,0,0.0,0,,,,0,0,0,0,0,0,0,2,2,1,0,12,0,0.004,0.0,0,1
74.05,102995451,498.5,-0.0,0.0,0.0,-16,-36,0.0,0,0.0,0,,,,0,0,0,0,0,0,0,2,2,1,0,12,0,0.004,0.0,0,1
74.25,103198784,501.6,-0.0,0.0,0.0,-8,-48,0.0,0,0.0,0,,,,0,0,0,0,0,0,0,2,2,1,0,12,0,0.004,0.0,0,1
74.45,103401197,499.0,0.0,0.0,0.0,-4,-40,0.0,0,0.0,0,,,,0,0,0,0,0,0,0,2,2,1,0,12,0,0.004,0.0,0,1
74.65,103603186,500.0,0.0,-0.0,-0.0,-12,-36,0.0,0,0.0,0,,,,0,0,0,0,0,0,0,2,2,1,0,12,0,0.004,0.0,0,1
74.85,103805305,499.7,-0.0,0.0,0.0,-12,-40,0.0,0,0.0,0,,,,0,0,0,0,0,0,0,2,2,1,0,12,0,0.004,0.0,0,1
75.05,104007206,500.2,0.0,-0.0,-0.0,-24,-32,0.0,0,0.0,0,,,,0,0,0,0,0,0,0,2,2,1,0,12,0,0.004,0.0,0,1
75.25,104208808,501.0,-0.0,0.0,0.0,-12,-36,0.0,0,0.0,0,,,,0,0,0,0,0,0,0,2,2,1,0,12,0,0.004,0.0,0,1
75.46,104411292,498.8,0.0,-0.0,-0.0,-16,-32,0.0,0,0.0,0,,,,0,0,0,0,0,0,0,2,2,1,0,12,0,0.004,0.0,0,1
75.66,104612813,501.2,-0.0,0.0,0.0,-12,-36,0.0,0,0.0,0,,,,0,0,0,0,0,0,0,2,2,1,0,12,0,0.004,0.0,0,1
75.86,104813629,498.0,-0.0,0.0,0.0,-4,-40,0.0,0,0.0,0,,,,0,0,0,0,0,0,0,2,2,1,0,12,0,0.004,0.0,0,1
76.06,105015228,501.0,0.0,-0.0,-0.0,-12,-40,0.0,0,0.0,0,,,,0,0,0,0,0,0,0,2,2,1,0,12,0,0.004,0.0,0,1
76.26,105217508,499.3,-0.0,0.0,0.0,-12,-44,0.0,0,0.0,0,,,,0,0,0,0,0,0,0,2,2,1,0,12,0,0.004,0.0,0,1
76.46,105421487,500.1,0.0,0.0,0.0,-12,-44,0.0,0,0.0,0,,,,0,0,0,0,0,0,0,2,2,1,0,12,0,0.004,0.0,0,1
76.66,105623316,500.4,0.0,0.0,0.0,-12,-32,0.0,0,0.0,0,,,,0,0,0,0,0,0,0,2,2,1,0,12,0,0.004,0.0,0,1
76.86,105825381,499.8,0.0,0.0,0.0,-12,-28,0.0,0,0.0,0,,,,0,0,0,0,0,0,0,2,2,1,0,12,0,0.004,0.0,0,1
77.07,106027438,499.9,-0.0,0.0,0.0,-4,-40,0.0,0,0.0,0,,,,0,0,0,0,0,0,0,2,2,1,0,12,0,0.004,0.0,0,1
77.27,106230932,501.2,0.0,-0.0,-0.0,-12,-40,0.0,0,0.0,0,,,,0,0,0,0,0,0,0,2,2,1,0,12,0,0.004,0.0,0,1
77.47,106435056,499.7,0.0,0.0,0.0,-8,-32,0.0,0,0.0,0,,,,0,0,0,0,0,0,0,2,2,1,0,12,0,0.004,0.0,0,1
77.67,106636995,500.2,-0.0,-0.0,-0.0,-12,-36,0.0,0,0.0,0,,,,0,0,0,0,0,0,0,2,2,1,0,12,0,0.004,0.0,0,1
77.87,106841286,499.3,-0.0,-0.0,-0.0,-16,-40,0.0,0,0.0,0,,,,0,0,0,0,0,0,0,2,2,1,0,12,0,0.004,0.0,0,1
78.07,107043029,500.6,0.0,0.0,0.0,-16,-40,0.0,0,0.0,0,,,,0,0,0,0,0,0,0,2,2,1,0,12,0,0.004,0.0,0,1
78.27,107245233,499.5,0.0,0.0,0.0,-12,-32,0.0,0,0.0,0,,,,0,0,0,0,0,0,0,2,2,1,0,12,0,0.004,0.0,0,1
78.48,107446892,500.8,-0.0,0.0,0.0,-12,-40,0.0,0,0.0,0,,,,0,0,0,0,0,0,0,2,2,1,0,12,0,0.004,0.0,0,1
78.68,107647553,498.4,0.0,-0.0,-0.0,-16,-32,0.0,0,0.0,0,,,,0,0,0,0,0,0,0,2,2,1,0,12,0,0.004,0.0,0,1
78.88,107849333,500.5,-0.0,0.0,0.0,-12,-40,0.0,0,0.0,0,,,,0,0,0,0,0,0,0,2,2,1,0,12,0,0.004,0.0,0,1
79.08,108051160,500.4,0.0,0.0,0.0,-12,-36,0.0,0,0.0,0,,,,0,0,0,0,0,0,0,2,2,1,0,12,0,0.004,0.0,0,1
79.28,108252948,500.5,-0.0,0.0,0.0,-12,-40,0.0,0,0.0,0,,,,0,0,0,0,0,0,0,2,2,1,0,12,0,0.004,0.0,0,1
79.48,108454756,500.5,0.0,0.0,0.0,-8,-36,0.0,0,0.0,0,,,,0,0,0,0,0,0,0,2,2,1,0,12,0,0.004,0.0,0,1
79.68,108655488,498.2,0.0,-0.0,-0.0,-12,-32,0.0,0,0.0,0,,,,0,0,0,0,0,0,0,2,2,1,0,12,0,0.004,0.0,0,1
79.88,108858900,501.4,-0.0,0.0,0.0,-8,-40,0.0,0,0.0,0,,,,0,0,0,0,0,0,0,2,2,1,0,12,0,0.004,0.0,0,1
80.08,109061299,499.0,0.0,-0.0,-0.0,-16,-40,0.0,0,0.0,0,,,,0,0,0,0,0,0,0,2,2,1,0,12,0,0.004,0.0,0,1
80.29,109264858,501.1,0.0,0.0,0.0,-8,-20,0.0,0,0.0,0,,,,0,0,0,0,0,0,0,2,2,1,0,12,0,0.004,0.0,0,1
80.49,109466736,500.3,-0.0,-0.0,-0.0,-16,-36,0.0,0,0.0,0,,,,0,0,0,0,0,0,0,2,2,1,0,12,0,0.004,0.0,0,1
80.69,109667603,497.8,0.0,0.0,0.0,-8,-36,0.0,0,0.0,0,,,,0,0,0,0,0,0,0,2,2,1,0,12,0,0.004,0.0,0,1
80.89,109870953,501.6,-0.0,0.0,0.0,0,-40,0.0,0,0.0,0,,,,0,0,0,0,0,0,0,2,2,1,0,12,0,0.004,0.0,0,1
81.09,110071485,498.7,0.0,-0.0,-0.0,-12,-36,0.0,0,0.0,0,,,,0,0,0,0,0,0,0,2,2,1,0,12,0,0.004,0.0,0,1
81.29,110273236,500.6,-0.0,-0.0,-0.0,-16,-44,0.0,0,0.0,0,,,,0,0,0,0,0,0,0,2,2,1,0,12,0,0.004,0.0,0,1
81.49,110473551,499.2,0.0,0.0,0.0,-12,-32,0.0,0,0.0,0,,,,0,0,0,0,0,0,0,2,2,1,0,12,0,0.004,0.0,0,1
81.7,110676944,501.5,0.0,-0.0,-0.0,-16,-32,0.0,0,0.0,0,,,,0,0,0,0,0,0,0,2,2,1,0,12,0,0.004,0.0,0,1
81.9,110878993,499.9,-0.0,0.0,0.0,-12,-36,0.0,0,0.0,0,,,,0,0,0,0,0,0,0,2,2,1,0,12,0,0.004,0.0,0,1
82.1,111080762,500.6,-0.0,0.0,0.0,-12,-40,0.0,0,0.0,0,,,,0,0,0,0,0,0,0,2,2,1,0,12,0,0.004,0.0,0,1
82.3,111281284,498.7,0.0,0.0,0.0,-4,-40,0.0,0,0.0,0,,,,0,0,0,0,0,0,0,2,2,1,0,12,0,0.004,0.0,0,1
82.5,111482799,501.2,0.0,-0.0,-0.0,-12,-32,0.0,0,0.0,0,,,,0,0,0,0,0,0,0,2,2,1,0,12,0,0.004,0.0,0,1
82.7,111683479,498.3,-0.0,0.0,0.0,-12,-36,0.0,0,0.0,0,,,,0,0,0,0,0,0,0,2,2,1,0,12,0,0.004,0.0,0,1
82.9,111885076,501.0,-0.0,0.0,0.0,-12,-44,0.0,0,0.0,0,,,,0,0,0,0,0,0,0,2,2,1,0,12,0,0.004,0.0,0,1
83.1,112087102,499.9,0.0,0.0,0.0,-12,-36,0.0,0,0.0,0,,,,0,0,0,0,0,0,0,2,2,1,0,12,0,0.004,0.0,0,1
83.3,112291174,499.8,0.0,-0.0,-0.0,-16,-36,0.0,0,0.0,0,,,,0,0,0,0,0,0,0,2,2,1,0,12,0,0.004,0.0,0,1
83.51,112493018,500.4,0.0,-0.0,-0.0,-20,-36,0.0,0,0.0,0,,,,0,0,0,0,0,0,0,2,2,1,0,12,0,0.004,0.0,0,1
83.71,112694791,500.6,0.0,-0.0,-0.0,-24,-36,0.0,0,0.0,0,,,,0,0,0,0,0,0,0,2,2,1,0,12,0,0.004,0.0,0,1
83.91,112895401,498.5,-0.0,0.0,0.0,-12,-40,0.0,0,0.0,0,,,,0,0,0,0,0,0,0,2,2,1,0,12,0,0.004,0.0,0,1
84.11,113099055,500.8,0.0,0.0,0.0,-12,-36,0.0,0,0.0,0,,,,0,0,0,0,0,0,0,2,2,1,0,12,0,0.004,0.0,0,1
84.31,113301537,498.8,-0.0,0.0,0.0,-8,-40,0.0,0,0.0,0,,,,0,0,0,0,0,0,0,2,2,1,0,12,0,0.004,0.0,0,1
84.51,113503657,499.7,0.0,-0.0,-0.0,-12,-40,0.0,0,0.0,0,,,,0,0,0,0,0,0,0,2,2,1,0,12,0,0.004,0.0,0,1
84.71,113705566,500.2,-0.0,0.0,0.0,-12,-44,0.0,0,0.0,0,,,,0,0,0,0,0,0,0,2,2,1,0,12,0,0.004,0.0,0,1
84.92,113907287,500.7,-0.0,-0.0,-0.0,-16,-48,0.0,0,0.0,0,,,,0,0,0,0,0,0,0,2,2,1,0,12,0,0.004,0.0,0,1
85.12,114111163,500.3,0.0,0.0,0.0,-12,-40,0.0,0,0.0,0,,,,0,0,0,0,0,0,0,2,2,1,0,12,0,0.004,0.0,0,1
85.32,114313280,499.7,0.0,-0.0,-0.0,-16,-36,0.0,0,0.0,0,,,,0,0,0,0,0,0,0,2,2,1,0,12,0,0.004,0.0,0,1
85.52,114515050,500.6,0.0,0.0,0.0,-8,-32,0.0,0,0.0,0,,,,0,0,0,0,0,0,0,2,2,1,0,12,0,0.004,0.0,0,1
85.72,114716928,500.3,-0.0,-0.0,-0.0,-12,-36,0.0,0,0.0,0,,,,0,0,0,0,0,0,0,2,2,1,0,12,0,0.004,0.0,0,1
85.92,114920758,500.4,0.0,0.0,0.0,-12,-32,0.0,0,0.0,0,,,,0,0,0,0,0,0,0,2,2,1,0,12,0,0.004,0.0,0,1
86.12,115121358,498.5,-0.0,0.0,0.0,-12,-36,0.0,0,0.0,0,,,,0,0,0,0,0,0,0,2,2,1,0,12,0,0.004,0.0,0,1
86.32,115323615,499.4,-0.0,0.0,0.0,-12,-40,0.0,0,0.0,0,,,,0,0,0,0,0,0,0,2,2,1,0,12,0,0.004,0.0,0,1
86.53,115525111,501.3,0.0,0.0,0.0,-12,-32,0.0,0,0.0,0,,,,0,0,0,0,0,0,0,2,2,1,0,12,0,0.004,0.0,0,1
86.73,115726839,500.7,-0.0,0.0,0.0,-12,-40,0.0,0,0.0,0,,,,0,0,0,0,0,0,0,2,2,1,0,12,0,0.004,0.0,0,1
86.93,115929266,498.9,0.0,0.0,0.0,0,-28,0.0,0,0.0,0,,,,0,0,0,0,0,0,0,2,2,1,0,12,0,0.004,0.0,0,1
87.13,116131034,500.6,-0.0,-0.0,-0.0,-12,-40,0.0,0,0.0,0,,,,0,0,0,0,0,0,0,2,2,1,0,12,0,0.004,0.0,0,1
87.33,116334779,500.6,-0.0,0.0,0.0,-8,-44,0.0,0,0.0,0,,,,0,0,0,0,0,0,0,2,2,1,0,12,0,0.004,0.0,0,1
87.53,116536770,500.0,0.0,-0.0,-0.0,-12,-20,0.0,0,0.0,0,,,,0,0,0,0,0,0,0,2,2,1,0,12,0,0.004,0.0,0,1
87.73,116738899,499.7,-0.0,-0.0,-0.0,-16,-48,0.0,0,0.0,0,,,,0,0,0,0,0,0,0,2,2,1,0,12,0,0.004,0.0,0,1
87.93,116841058,499.2,0.0,0.0,0.0,-16,-32,0.0,0,0.0,0,,,,0,0,0,0,0,0,0,2,2,1,0,12,0,0.004,0.0,0,1
88.14,117043421,499.1,-0.0,0.0,0.0,-16,-48,0.0,0,0.0,0,,,,0,0,0,0,0,0,0,2,2,1,0,12,0,0.004,0.0,0,1
88.34,117245151,500.7,0.0,0.0,0.0,-8,-32,0.0,0,0.0,0,,,,0,0,0,0,0,0,0,2,2,1,0,12,0,0.004,0.0,0,1
88.54,117445536,499.0,-0.0,0.0,0.0,-4,-36,0.0,0,0.0,0,,,,0,0,0,0,0,0,0,2,2,1,0,12,0,0.004,0.0,0,1
88.74,117649004,501.3,-0.0,0.0,0.0,-4,-40,0.0,0,0.0,0,,,,0,0,0,0,0,0,0,2,2,1,0,12,0,0.004,0.0,0,1
88.94,117851406,499.0,0.0,-0.0,-0.0,-12,-36,0.0,0,0.0,0,,,,0,0,0,0,0,0,0,2,2,1,0,12,0,0.004,0.0,0,1
89.14,118052913,501.2,-0.0,0.0,0.0,0,-40,0.0,0,0.0,0,,,,0,0,0,0,0,0,0,2,2,1,0,12,0,0.004,0.0,0,1
89.34,118255125,499.5,0.0,-0.0,-0.0,-12,-32,0.0,0,0.0,0,,,,0,0,0,0,0,0,0,2,2,1,0,12,0,0.004,0.0,0,1
89.54,118457379,499.4,-0.0,0.0,0.0,-8,-36,0.0,0,0.0,0,,,,0,0,0,0,0,0,0,2,2,1,0,12,0,0.004,0.0,0,1
89.74,118659004,500.9,-0.0,0.0,0.0,-8,-40,0.0,0,0.0,0,,,,0,0,0,0,0,0,0,2,2,1,0,12,0,0.004,0.0,0,1
89.94,118863200,499.5,0.0,-0.0,-0.0,-12,-40,0.0,0,0.0,0,,,,0,0,0,0,0,0,0,2,2,1,0,12,0,0.004,0.0,0,1
90.15,119065205,500.0,0.0,0.0,0.0,-8,-32,0.0,0,0.0,0,,,,0,0,0,0,0,0,0,2,2,1,0,12,0,0.004,0.0,0,1
