ts_us,scan_count,devices_healthy
22367405,11177,1
22571186,11279,1
22773244,11380,1
22975568,11481,1
23177146,11582,1
23379478,11683,1
23581498,11784,1
23783120,11885,1
23985961,11986,1
24187661,12087,1
24391350,12189,1
24595023,12291,1
24897448,12442,1
25099586,12543,1
25301762,12644,1
25505030,12746,1
25707136,12847,1
25909506,12948,1
26111838,13049,1
26313792,13150,1
26515687,13251,1
26717772,13352,1
26919854,13453,1
27121567,13554,1
27325292,13656,1
27527327,13757,1
27729940,13858,1
27933721,13960,1
28137803,14062,1
28443102,14215,1
28645401,14316,1
28847670,14417,1
29051244,14519,1
29253499,14620,1
29455183,14721,1
29657491,14822,1
29859670,14923,1
30063085,15025,1
30265787,15126,1
30467530,15227,1
30669096,15328,1
30869875,15428,1
31073992,15530,1
31277562,15632,1
31479406,15733,1
31782004,15884,1
31985380,15986,1
32187426,16087,1
32391288,16189,1
32593193,16290,1
32795889,16391,1
32997924,16492,1
33201580,16594,1
33403997,16695,1
33607821,16797,1
33811483,16898,1
34013692,16999,1
34215844,17100,1
34419164,17202,1
34621308,17303,1
34823571,17404,1
35125584,17555,1
35327268,17656,1
35529353,17757,1
35733207,17859,1
35935652,17960,1
36139557,18062,1
36343028,18164,1
36545237,18265,1
36749380,18367,1
36949786,18467,1
37151566,18568,1
37353745,18669,1
37557524,18771,1
37759151,18872,1
37961853,18973,1
38165404,19075,1
38365685,19175,1
38669602,19327,1
38873222,19429,1
39075680,19530,1
39277833,19631,1
39479831,19732,1
39683022,19834,1
39885396,19935,1
40087459,20036,1
40289572,20137,1
40491703,20238,1
40693707,20339,1
40897179,20441,1
41099397,20542,1
41301991,20642,1
41503374,20743,1
41705455,20844,1
42009633,20996,1
42213572,21098,1
42415538,21199,1
42619108,21301,1
42821296,21402,1
43023372,21503,1
43225697,21604,1
43427827,21705,1
43631570,21807,1
43833487,21908,1
44035491,22009,1
44237209,22110,1
44439535,22211,1
44641549,22312,1
44843888,22413,1
45047279,22515,1
45249668,22616,1
45553901,22768,1
45757292,22870,1
45959391,22971,1
46161250,23072,1
46363422,23173,1
46565599,23274,1
46767939,23375,1
46969828,23476,1
47171512,23577,1
47373133,23678,1
47575632,23779,1
47779029,23881,1
47981100,23982,1
48183371,24083,1
48385506,24184,1
48587731,24285,1
48891517,24437,1
49095106,24539,1
49297322,24640,1
49499373,24741,1
49701666,24842,1
49903844,24943,1
50105778,25044,1
50309132,25146,1
50511193,25247,1
50713873,25348,1
50917088,25450,1
51117699,25550,1
51321267,25652,1
51525031,25754,1
51727200,25855,1
51929447,25956,1
52233803,26108,1
52437141,26210,1
52639772,26311,1
52841218,26412,1
53043300,26513,1
53245892,26614,1
53447544,26715,1
53651108,26817,1
53853042,26918,1
54055683,27019,1
54259869,27121,1
54461512,27222,1
54663623,27323,1
54867519,27425,1
55069818,27526,1
55273053,27628,1
55575833,27779,1
55777423,27880,1
55979876,27981,1
56183031,28083,1
56385349,28184,1
56587292,28285,1
56791237,28387,1
56991800,28487,1
57193771,28588,1
57395515,28689,1
57597237,28790,1
57799670,28891,1
58003035,28993,1
58205599,29094,1
58409164,29196,1
58609912,29296,1
58811932,29397,1
59117368,29550,1
59319437,29651,1
59521521,29752,1
59723335,29853,1
59925889,29954,1
60129828,30056,1
60333569,30158,1
60535354,30259,1
60737178,30360,1
60939292,30461,1
61141886,30562,1
61343904,30663,1
61547028,30765,1
61749742,30866,1
61953265,30968,1
62155296,31069,1
62457582,31220,1
62659557,31321,1
62863175,31423,1
63067481,31525,1
63269025,31626,1
63469885,31726,1
63671505,31827,1
63873284,31928,1
64075225,32029,1
64277087,32130,1
64479091,32231,1
64681094,32332,1
64881818,32432,1
65085074,32534,1
65287151,32635,1
65489030,32736,1
65791921,32887,1
65993662,32988,1
66195768,33089,1
66397970,33190,1
66599539,33291,1
66803321,33393,1
67005292,33494,1
67209028,33596,1
67409686,33696,1
67611641,33797,1
67813854,33898,1
68015925,33999,1
68219109,34101,1
68421768,34202,1
68625626,34304,1
68827890,34405,1
69133581,34558,1
69337338,34660,1
69539097,34761,1
69739899,34861,1
69943523,34963,1
70145366,35064,1
70347514,35165,1
70549626,35266,1
70751755,35367,1
70955100,35469,1
71157255,35570,1
71359323,35671,1
71561660,35772,1
71763384,35873,1
71965367,35974,1
72167505,36075,1
72471227,36227,1
72673406,36328,1
72875678,36429,1
73077928,36530,1
73281086,36632,1
73483688,36733,1
73687621,36835,1
73889561,36936,1
74091419,37037,1
74293358,37138,1
74495423,37239,1
74697421,37340,1
74899423,37441,1
75101160,37542,1
75303161,37643,1
75605105,37794,1
75805836,37894,1
76007870,37995,1
76209448,38096,1
76413404,38198,1
76615662,38299,1
76817804,38400,1
77021627,38502,1
77223884,38603,1
77427176,38705,1
77629188,38806,1
77831613,38907,1
78033473,39008,1
78235411,39109,1
78437225,39210,1
78641311,39312,1
78843292,39413,1
79147310,39565,1
79351277,39667,1
79553298,39768,1
79755434,39869,1
79957259,39970,1
80159661,40071,1
80361844,40172,1
80565234,40274,1
80767625,40375,1
80971377,40477,1
81173578,40578,1
81377096,40680,1
81579219,40781,1
81783654,40883,1
81985661,40984,1
82189201,41086,1
82391176,41187,1
82593663,41288,1
82899527,41441,1
83101627,41542,1
83305420,41644,1
83507229,41745,1
83709193,41846,1
83911459,41947,1
84113029,42048,1
84313799,42148,1
84517160,42250,1
84719161,42351,1
84921223,42452,1
85123221,42553,1
85325225,42654,1
85527102,42755,1
85729095,42856,1
85931373,42957,1
86235227,43109,1
86437027,43210,1
86639112,43311,1
86839956,43411,1
87043267,43513,1
87245534,43614,1
87447809,43715,1
87651163,43817,1
87853635,43918,1
88055803,44019,1
88257844,44120,1
88459737,44221,1
88661803,44322,1
88865219,44424,1
89067163,44525,1
89369799,44676,1
89571693,44777,1
89773900,44878,1
89977031,44980,1
90179030,45081,1
90381183,45182,1
90583436,45283,1
90785913,45384,1
90989211,45486,1
91191504,45587,1
91393940,45688,1
91597095,45790,1
91797777,45890,1
91999976,45991,1
92203363,46093,1
92405428,46194,1
92709387,46346,1
92911332,46447,1
93113961,46548,1
93317309,46650,1
93521328,46752,1
93721733,46852,1
93925665,46954,1
94127496,47055,1
94329903,47156,1
94533346,47258,1
94735557,47359,1
94937758,47460,1
95141394,47562,1
95343773,47663,1
95545886,47764,1
95747466,47865,1
96051599,48017,1
96255219,48119,1
96457933,48220,1
96661030,48322,1
96863229,48423,1
97065516,48524,1
97267567,48625,1
97471344,48727,1
97675094,48829,1
97877441,48930,1
98079600,49031,1
98281239,49132,1
98485069,49234,1
98687440,49335,1
98889309,49436,1
99091364,49537,1
99393611,49688,1
99595849,49789,1
99797240,49890,1
99999239,49991,1
100201665,50092,1
100405282,50194,1
100607098,50295,1
100809461,50396,1
101011634,50497,1
101213837,50598,1
101417220,50700,1
101619437,50801,1
101821576,50902,1
102023745,51003,1
102225964,51104,1
102429948,51206,1
102633767,51308,1
102939384,51461,1
103141708,51562,1
103343897,51663,1
103547677,51765,1
103751966,51867,1
103953723,51968,1
104157680,52070,1
104361242,52172,1
104563237,52273,1
104765662,52374,1
104969385,52476,1
105171534,52577,1
105375560,52679,1
105577859,52780,1
105781296,52882,1
105983238,52983,1
106185415,53084,1
106387496,53185,1
106691497,53337,1
106893572,53438,1
107097167,53540,1
107299641,53641,1
107503058,53743,1
107705040,53844,1
107907279,53945,1
108109217,54046,1
108311294,54147,1
108513433,54248,1
108715514,54349,1
108917662,54450,1
109119636,54551,1
109323316,54653,1
109525440,54754,1
109829357,54906,1
110031737,55007,1
110235209,55109,1
110437835,55210,1
110639793,55311,1
110843551,55413,1
111047575,55515,1
111249662,55616,1
111453085,55718,1
111657255,55820,1
111859167,55921,1
112059856,56021,1
112261926,56122,1
112463955,56223,1
112665755,56324,1
112867595,56425,1
113071102,56527,1
113373785,56678,1
113575927,56779,1
113779579,56881,1
113983215,56983,1
114185576,57084,1
114389237,57186,1
114589419,57286,1
114791328,57387,1
114995393,57489,1
115197919,57590,1
115399754,57691,1
115603204,57793,1
115805735,57894,1
116007762,57995,1
116211167,58097,1
116413169,58198,1
116615350,58299,1
116919723,58451,1
117123306,58553,1
117325573,58654,1
117527764,58755,1
117731047,58857,1
117931864,58957,1
118133951,59058,1
118335649,59159,1
118537862,59260,1
118739834,59361,1
118941724,59462,1
119143885,59563,1
119347000,59665,1
119549093,59766,1
119751675,59867,1
119955034,59969,1
120257412,60120,1
120459577,60221,1
120661792,60322,1
120863931,60423,1
121065945,60524,1
121267828,60625,1
121471307,60727,1
121675363,60829,1
121877234,60930,1
122079576,61031,1
122283836,61133,1
122487239,61235,1
122689267,61336,1
122891177,61437,1
123093934,61538,1
123297240,61640,1
123499360,61741,1
123803678,61893,1
124007066,61995,1
124209924,62096,1
124413486,62198,1
124615731,62299,1
124819026,62401,1
125021095,62502,1
125223226,62603,1
125425306,62704,1
125627383,62805,1
125829485,62906,1
126031430,63007,1
126233428,63108,1
126435428,63209,1
126637407,63310,1
126839773,63411,1
127145229,63564,1
127347559,63665,1
127547938,63765,1
127751198,63867,1
127953437,63968,1
128157027,64070,1
128359617,64171,1
128561721,64272,1
128765371,64374,1
128967892,64475,1
129171101,64577,1
129373241,64678,1
129575302,64779,1
129777614,64880,1
129981167,64982,1
130183361,65083,1
130385366,65184,1
130689388,65336,1
130891461,65437,1
131093577,65538,1
131297370,65640,1
131499842,65741,1
131703426,65843,1
131905093,65944,1
132107451,66045,1
132309561,66146,1
132509931,66246,1
132711512,66347,1
132913501,66448,1
133115645,66549,1
133317695,66650,1
133520005,66751,1
133823852,66903,1
134027024,67005,1
134227859,67105,1
134429805,67206,1
134633032,67308,1
134835205,67409,1
135035444,67509,1
135237526,67610,1
135439030,67711,1
135641472,67812,1
135843711,67913,1
136047298,68015,1
136249716,68116,1
136453789,68218,1
136655568,68319,1
136857690,68420,1
137161974,68572,1
137365367,68674,1
137567455,68775,1
137769349,68876,1
137971563,68977,1
138173632,69078,1
138377569,69180,1
138579672,69281,1
138781390,69382,1
138983811,69483,1
139187331,69585,1
139389049,69686,1
139591478,69787,1
139795500,69889,1
139997758,69990,1
140201030,70092,1
140503235,70243,1
140705870,70344,1
140909326,70446,1
141111869,70547,1
141313290,70648,1
141515757,70749,1
141719174,70851,1
141921306,70952,1
142123417,71053,1
142327058,71155,1
142529359,71256,1
142731649,71357,1
142933809,71458,1
143135640,71559,1
143337772,71660,1
143541229,71762,1
143743274,71863,1
144043909,72013,1
144247371,72115,1
144449395,72216,1
144653249,72318,1
144855476,72419,1
145057626,72520,1
145259633,72621,1
145461939,72722,1
145663874,72823,1
145867076,72925,1
146069065,73026,1
146271593,73127,1
146473846,73228,1
146677201,73330,1
146879691,73431,1
147081868,73532,1
147385432,73684,1
