t_s,cmd_V,fb_raw,fb_V
0.104,0.00,146,0.046
0.169,0.00,146,0.046
0.233,0.00,146,0.046
0.296,0.00,146,0.046
0.360,0.00,146,0.046
0.425,0.00,146,0.046
0.489,0.00,146,0.046
0.552,0.00,156,0.049
0.616,0.00,166,0.052
0.680,0.00,146,0.046
0.744,0.00,136,0.043
0.808,0.00,146,0.046
0.872,0.00,166,0.052
0.936,0.00,156,0.049
1.001,0.00,146,0.046
1.064,0.00,146,0.046
1.128,0.00,146,0.046
1.192,0.00,146,0.046
1.256,0.00,156,0.049
1.320,0.00,146,0.046
1.384,0.00,146,0.046
1.448,0.00,146,0.046
1.512,0.00,146,0.046
1.576,0.00,166,0.052
1.640,0.00,146,0.046
1.704,0.00,136,0.043
1.768,0.00,146,0.046
1.832,0.00,166,0.052
1.896,0.00,156,0.049
1.960,0.00,156,0.049
2.024,0.00,136,0.043
2.088,0.00,146,0.046
2.152,0.00,146,0.046
2.216,0.00,156,0.049
2.280,0.00,146,0.046
2.344,0.00,146,0.046
2.408,0.00,146,0.046
2.472,0.00,146,0.046
2.536,0.00,166,0.052
2.600,0.00,146,0.046
2.664,0.00,136,0.043
2.728,0.00,146,0.046
2.792,0.00,166,0.052
2.856,0.00,156,0.049
2.920,0.00,156,0.049
2.984,0.00,136,0.043
3.048,0.00,146,0.046
3.144,10.00,136,0.043
3.208,10.00,156,0.049
3.272,10.00,175,0.055
3.336,10.00,175,0.055
3.400,10.00,166,0.052
3.464,10.00,234,0.073
3.528,10.00,390,0.122
3.592,10.00,576,0.180
3.656,10.00,722,0.226
3.720,10.00,927,0.290
3.784,10.00,1113,0.348
3.848,10.00,1464,0.458
3.912,10.00,1650,0.516
3.976,10.00,1796,0.561
4.039,10.00,2138,0.668
4.104,10.00,2255,0.705
4.167,10.00,2421,0.757
4.231,10.00,2675,0.836
4.295,10.00,2871,0.897
4.359,10.00,3066,0.958
4.423,10.00,3242,1.013
4.487,10.00,3437,1.074
4.551,10.00,3671,1.147
4.615,10.00,3935,1.230
4.680,10.00,4169,1.303
4.743,10.00,4306,1.346
4.807,10.00,4599,1.437
4.871,10.00,4755,1.486
4.935,10.00,5009,1.565
4.999,10.00,5205,1.627
5.063,10.00,5458,1.706
5.127,10.00,5703,1.782
5.191,10.00,5898,1.843
5.255,10.00,6074,1.898
5.319,10.00,6279,1.962
5.383,10.00,6396,1.999
5.447,10.00,6669,2.084
5.511,10.00,6923,2.163
5.575,10.00,7109,2.222
5.639,10.00,7285,2.277
5.703,10.00,7529,2.353
5.767,10.00,7734,2.417
5.831,10.00,8037,2.512
5.895,10.00,8183,2.557
5.959,10.00,8408,2.627
6.023,10.00,8613,2.692
6.087,10.00,8886,2.777
6.151,10.00,9121,2.850
6.215,10.00,9365,2.927
6.279,10.00,9492,2.966
6.343,10.00,9785,3.058
6.407,10.00,10019,3.131
6.471,10.00,10175,3.180
6.535,10.00,10478,3.274
6.599,10.00,10634,3.323
6.663,10.00,10820,3.381
6.727,10.00,11044,3.451
6.791,10.00,11230,3.509
6.855,10.00,11474,3.586
6.919,10.00,11757,3.674
6.983,10.00,11923,3.726
7.047,10.00,12119,3.787
7.111,10.00,12460,3.894
7.175,10.00,12587,3.933
7.239,10.00,12763,3.988
7.303,10.00,13076,4.086
7.367,10.00,13320,4.162
7.431,10.00,13398,4.187
7.495,10.00,13593,4.248
7.559,10.00,13935,4.355
7.623,10.00,14072,4.397
7.687,10.00,14345,4.483
7.751,10.00,14560,4.550
7.814,10.00,14794,4.623
7.879,10.00,15000,4.688
7.943,10.00,15312,4.785
8.007,10.00,15449,4.828
8.071,10.00,15654,4.892
8.135,10.00,15947,4.983
8.198,10.00,16083,5.026
8.262,10.00,16279,5.087
8.326,10.00,16572,5.179
8.390,10.00,16738,5.231
8.454,10.00,16933,5.292
8.518,10.00,17294,5.404
8.582,10.00,17490,5.466
8.646,10.00,17773,5.554
8.710,10.00,17968,5.615
8.774,10.00,18134,5.667
8.838,10.00,18378,5.743
8.902,10.00,18603,5.813
8.966,10.00,18828,5.884
9.030,10.00,19023,5.945
9.094,10.00,19257,6.018
9.158,10.00,19453,6.079
9.222,10.00,19667,6.146
9.286,10.00,19902,6.219
9.350,10.00,20136,6.293
9.414,10.00,20263,6.332
9.478,10.00,20507,6.408
9.542,10.00,20742,6.482
9.606,10.00,20957,6.549
9.670,10.00,21103,6.595
9.734,10.00,21396,6.686
9.798,10.00,21582,6.744
9.862,10.00,21845,6.827
9.926,10.00,22070,6.897
9.990,10.00,22207,6.940
10.054,10.00,22451,7.016
10.118,10.00,22646,7.077
10.182,10.00,22958,7.174
10.246,10.00,23134,7.229
10.310,10.00,23300,7.281
10.374,10.00,23613,7.379
10.438,10.00,23798,7.437
10.502,10.00,23994,7.498
10.566,10.00,24169,7.553
10.630,10.00,24462,7.644
10.694,10.00,24667,7.708
10.758,10.00,24863,7.770
10.822,10.00,25185,7.870
10.886,10.00,25361,7.925
10.950,10.00,25634,8.011
11.014,10.00,25761,8.050
11.078,10.00,25927,8.102
11.142,10.00,26142,8.169
11.206,10.00,26386,8.246
11.270,10.00,26611,8.316
11.334,10.00,26855,8.392
11.398,10.00,27128,8.477
11.462,10.00,27294,8.529
11.526,10.00,27402,8.563
11.590,10.00,27636,8.636
11.654,10.00,27880,8.713
11.718,10.00,28095,8.780
11.782,10.00,28359,8.862
11.846,10.00,28466,8.896
11.910,10.00,28798,8.999
11.973,10.00,28955,9.048
12.037,10.00,29218,9.131
12.101,10.00,29375,9.180
12.165,10.00,29609,9.253
12.229,10.00,29902,9.344
12.293,10.00,29960,9.363
12.357,10.00,30302,9.469
12.421,10.00,30400,9.500
12.485,10.00,30595,9.561
12.549,10.00,30908,9.659
12.613,10.00,31132,9.729
12.677,10.00,31357,9.799
12.741,10.00,31542,9.857
12.805,10.00,31699,9.906
12.869,10.00,31826,9.946
12.933,10.00,31835,9.948
12.997,10.00,31835,9.948
13.061,10.00,31835,9.948
13.125,10.00,31835,9.948
13.189,10.00,31835,9.948
13.253,10.00,31835,9.948
13.317,10.00,31835,9.948
13.381,10.00,31835,9.948
13.445,10.00,31835,9.948
13.509,10.00,31835,9.948
13.573,10.00,31835,9.948
13.637,10.00,31835,9.948
13.701,10.00,31845,9.952
13.765,10.00,31845,9.952
13.829,10.00,31845,9.952
13.893,10.00,31835,9.948
13.957,10.00,31845,9.952
14.021,10.00,31845,9.952
14.085,10.00,31845,9.952
14.149,10.00,31845,9.952
14.213,10.00,31845,9.952
14.277,10.00,31845,9.952
14.341,10.00,31845,9.952
14.405,10.00,31845,9.952
14.469,10.00,31845,9.952
14.533,10.00,31845,9.952
14.597,10.00,31845,9.952
14.661,10.00,31845,9.952
14.725,10.00,31845,9.952
14.789,10.00,31845,9.952
14.853,10.00,31845,9.952
14.917,10.00,31845,9.952
14.981,10.00,31845,9.952
15.045,10.00,31845,9.952
15.109,10.00,31845,9.952
15.173,10.00,31845,9.952
15.237,10.00,31845,9.952
15.301,10.00,31845,9.952
15.365,10.00,31845,9.952
15.429,10.00,31845,9.952
15.493,10.00,31845,9.952
15.557,10.00,31845,9.952
15.621,10.00,31845,9.952
15.684,10.00,31845,9.952
15.749,10.00,31845,9.952
15.813,10.00,31845,9.952
15.877,10.00,31845,9.952
15.941,10.00,31845,9.952
16.004,10.00,31845,9.952
16.068,10.00,31845,9.952
16.132,10.00,31845,9.952
16.196,10.00,31845,9.952
16.260,10.00,31845,9.952
16.324,10.00,31845,9.952
16.388,10.00,31845,9.952
16.452,10.00,31845,9.952
16.516,10.00,31845,9.952
16.580,10.00,31845,9.952
16.644,10.00,31845,9.952
16.708,10.00,31845,9.952
16.772,10.00,31845,9.952
16.836,10.00,31845,9.952
16.900,10.00,31845,9.952
16.964,10.00,31845,9.952
17.028,10.00,31845,9.952
17.092,10.00,31845,9.952
17.156,10.00,31845,9.952
17.220,10.00,31845,9.952
17.284,10.00,31845,9.952
17.348,10.00,31845,9.952
17.412,10.00,31845,9.952
17.476,10.00,31845,9.952
17.540,10.00,31845,9.952
17.604,10.00,31845,9.952
17.668,10.00,31845,9.952
17.732,10.00,31845,9.952
17.796,10.00,31845,9.952
17.860,10.00,31845,9.952
17.924,10.00,31845,9.952
17.988,10.00,31845,9.952
18.052,10.00,31845,9.952
18.116,10.00,31845,9.952
18.212,0.00,31845,9.952
18.276,0.00,31865,9.958
18.340,0.00,31826,9.946
18.404,0.00,31777,9.930
18.468,0.00,31728,9.915
18.532,0.00,31591,9.872
18.596,0.00,31357,9.799
18.660,0.00,31054,9.704
18.724,0.00,30908,9.659
18.788,0.00,30634,9.573
18.852,0.00,30380,9.494
18.916,0.00,30224,9.445
18.980,0.00,29980,9.369
19.044,0.00,29873,9.335
19.108,0.00,29541,9.232
19.172,0.00,29384,9.182
19.236,0.00,29091,9.091
19.299,0.00,28916,9.036
19.363,0.00,28662,8.957
19.428,0.00,28466,8.896
19.492,0.00,28281,8.838
19.555,0.00,28076,8.774
19.619,0.00,27851,8.703
19.683,0.00,27529,8.603
19.747,0.00,27382,8.557
19.811,0.00,27216,8.505
19.875,0.00,26923,8.413
19.939,0.00,26728,8.352
20.004,0.00,26503,8.282
20.067,0.00,26308,8.221
20.132,0.00,26113,8.160
20.195,0.00,25820,8.069
20.259,0.00,25664,8.020
20.323,0.00,25429,7.947
20.387,0.00,25214,7.879
20.451,0.00,24941,7.794
20.515,0.00,24746,7.733
20.579,0.00,24580,7.681
20.643,0.00,24248,7.577
20.707,0.00,24091,7.528
20.771,0.00,23935,7.480
20.835,0.00,23691,7.403
20.899,0.00,23505,7.345
20.963,0.00,23203,7.251
21.027,0.00,23105,7.220
21.091,0.00,22832,7.135
21.155,0.00,22597,7.062
21.219,0.00,22421,7.007
21.283,0.00,22158,6.924
21.347,0.00,22011,6.878
21.411,0.00,21728,6.790
21.475,0.00,21513,6.723
21.539,0.00,21386,6.683
21.603,0.00,21083,6.588
21.667,0.00,20908,6.534
21.731,0.00,20605,6.439
21.795,0.00,20390,6.372
21.859,0.00,20214,6.317
21.923,0.00,20009,6.253
21.987,0.00,19863,6.207
22.051,0.00,19648,6.140
22.115,0.00,19306,6.033
22.179,0.00,19101,5.969
22.243,0.00,18876,5.899
22.307,0.00,18642,5.826
22.371,0.00,18466,5.771
22.435,0.00,18203,5.688
22.499,0.00,18027,5.633
22.563,0.00,17832,5.572
22.627,0.00,17617,5.505
22.691,0.00,17382,5.432
22.755,0.00,17158,5.362
22.819,0.00,16884,5.276
22.883,0.00,16660,5.206
22.947,0.00,16484,5.151
23.010,0.00,16210,5.066
23.075,0.00,16005,5.002
23.139,0.00,15859,4.956
23.203,0.00,15546,4.858
23.267,0.00,15351,4.797
23.330,0.00,15175,4.742
23.394,0.00,14912,4.660
23.459,0.00,14658,4.581
23.522,0.00,14501,4.532
23.586,0.00,14238,4.449
23.650,0.00,13984,4.370
23.714,0.00,13769,4.303
23.778,0.00,13564,4.239
23.842,0.00,13398,4.187
23.906,0.00,13281,4.150
23.970,0.00,12890,4.028
24.034,0.00,12714,3.973
24.098,0.00,12519,3.912
24.162,0.00,12324,3.851
24.226,0.00,12148,3.796
24.290,0.00,11855,3.705
24.354,0.00,11640,3.638
24.418,0.00,11455,3.580
24.483,0.00,11191,3.497
24.546,0.00,10917,3.412
24.610,0.00,10751,3.360
24.674,0.00,10576,3.305
24.738,0.00,10380,3.244
24.802,0.00,10107,3.158
24.866,0.00,9902,3.094
24.930,0.00,9687,3.027
24.994,0.00,9472,2.960
25.058,0.00,9257,2.893
25.122,0.00,9003,2.813
25.186,0.00,8808,2.752
25.250,0.00,8613,2.692
25.314,0.00,8369,2.615
25.378,0.00,8115,2.536
25.442,0.00,7871,2.460
25.506,0.00,7666,2.396
25.570,0.00,7421,2.319
25.634,0.00,7216,2.255
25.698,0.00,7070,2.209
25.762,0.00,6835,2.136
25.826,0.00,6582,2.057
25.890,0.00,6396,1.999
25.954,0.00,6220,1.944
26.018,0.00,5996,1.874
26.082,0.00,5732,1.791
26.146,0.00,5556,1.736
26.210,0.00,5371,1.678
26.274,0.00,5195,1.623
26.338,0.00,4843,1.513
26.402,0.00,4638,1.449
26.466,0.00,4335,1.355
26.530,0.00,4189,1.309
26.594,0.00,4101,1.282
26.658,0.00,3808,1.190
26.722,0.00,3603,1.126
26.786,0.00,3271,1.022
26.850,0.00,3164,0.989
26.914,0.00,2919,0.912
26.978,0.00,2685,0.839
27.042,0.00,2519,0.787
27.106,0.00,2324,0.726
27.170,0.00,2128,0.665
27.234,0.00,1816,0.568
27.298,0.00,1660,0.519
27.362,0.00,1464,0.458
27.425,0.00,1240,0.388
27.489,0.00,1074,0.336
27.553,0.00,732,0.229
27.618,0.00,595,0.186
27.681,0.00,400,0.125
27.745,0.00,156,0.049
27.810,0.00,146,0.046
27.873,0.00,146,0.046
27.937,0.00,146,0.046
28.001,0.00,146,0.046
28.065,0.00,146,0.046
28.129,0.00,146,0.046
28.193,0.00,136,0.043
28.257,0.00,146,0.046
28.321,0.00,166,0.052
28.385,0.00,156,0.049
28.449,0.00,136,0.043
28.513,0.00,146,0.046
28.577,0.00,146,0.046
28.641,0.00,156,0.049
28.705,0.00,146,0.046
28.769,0.00,146,0.046
28.833,0.00,146,0.046
28.897,0.00,146,0.046
28.961,0.00,156,0.049
29.025,0.00,146,0.046
29.089,0.00,146,0.046
29.153,0.00,136,0.043
29.217,0.00,146,0.046
29.281,0.00,166,0.052
29.345,0.00,156,0.049
29.409,0.00,136,0.043
29.473,0.00,146,0.046
29.537,0.00,146,0.046
29.601,0.00,156,0.049
29.665,0.00,146,0.046
29.729,0.00,146,0.046
29.793,0.00,146,0.046
29.857,0.00,146,0.046
29.921,0.00,156,0.049
29.985,0.00,146,0.046
30.049,0.00,146,0.046
30.113,0.00,136,0.043
30.177,0.00,156,0.049
30.241,0.00,166,0.052
30.305,0.00,156,0.049
30.369,0.00,136,0.043
30.433,0.00,146,0.046
30.497,0.00,146,0.046
30.561,0.00,156,0.049
30.625,0.00,146,0.046
30.689,0.00,146,0.046
30.753,0.00,146,0.046
30.817,0.00,146,0.046
30.881,0.00,166,0.052
30.945,0.00,146,0.046
31.009,0.00,136,0.043
31.072,0.00,136,0.043
31.137,0.00,166,0.052
31.200,0.00,156,0.049
31.264,0.00,156,0.049
31.328,0.00,146,0.046
31.392,0.00,146,0.046
31.456,0.00,146,0.046
31.520,0.00,146,0.046
31.584,0.00,146,0.046
31.648,0.00,146,0.046
31.712,0.00,146,0.046
31.776,0.00,146,0.046
31.840,0.00,166,0.052
31.904,0.00,156,0.049
31.968,0.00,136,0.043
32.032,0.00,146,0.046
32.096,0.00,166,0.052
32.160,0.00,156,0.049
32.224,0.00,146,0.046
32.288,0.00,146,0.046
32.352,0.00,146,0.046
32.416,0.00,146,0.046
32.480,0.00,146,0.046
32.544,0.00,146,0.046
32.608,0.00,146,0.046
32.672,0.00,146,0.046
32.736,0.00,156,0.049
32.800,0.00,166,0.052
32.864,0.00,146,0.046
32.928,0.00,136,0.043
32.992,0.00,146,0.046
33.056,0.00,166,0.052
33.120,0.00,156,0.049
33.184,0.00,146,0.046
33.280,5.00,166,0.052
33.344,5.00,146,0.046
33.408,5.00,146,0.046
33.472,5.00,156,0.049
33.536,5.00,175,0.055
33.600,5.00,166,0.052
33.664,5.00,371,0.116
33.728,5.00,537,0.168
33.792,5.00,693,0.217
33.856,5.00,908,0.284
33.920,5.00,1093,0.342
33.984,5.00,1435,0.448
34.048,5.00,1640,0.512
34.112,5.00,1796,0.561
34.176,5.00,2138,0.668
34.240,5.00,2246,0.702
34.304,5.00,2470,0.772
34.368,5.00,2675,0.836
34.432,5.00,2929,0.915
34.496,5.00,3095,0.967
34.560,5.00,3242,1.013
34.624,5.00,3525,1.102
34.688,5.00,3730,1.166
34.752,5.00,4062,1.269
34.816,5.00,4218,1.318
34.880,5.00,4414,1.379
34.944,5.00,4648,1.452
35.007,5.00,4902,1.532
35.072,5.00,5078,1.587
35.136,5.00,5341,1.669
35.199,5.00,5634,1.761
35.263,5.00,5810,1.816
35.327,5.00,6015,1.880
35.391,5.00,6250,1.953
35.455,5.00,6328,1.978
35.519,5.00,6572,2.054
35.583,5.00,6875,2.148
35.647,5.00,7070,2.209
35.711,5.00,7255,2.267
35.775,5.00,7490,2.341
35.839,5.00,7705,2.408
35.903,5.00,8007,2.502
35.967,5.00,8144,2.545
36.031,5.00,8378,2.618
36.095,5.00,8603,2.688
36.159,5.00,8876,2.774
36.223,5.00,9121,2.850
36.287,5.00,9375,2.930
36.351,5.00,9501,2.969
36.415,5.00,9804,3.064
36.479,5.00,10019,3.131
36.543,5.00,10214,3.192
36.607,5.00,10488,3.277
36.671,5.00,10664,3.333
36.735,5.00,10878,3.399
36.799,5.00,11064,3.458
36.863,5.00,11250,3.516
36.927,5.00,11572,3.616
36.991,5.00,11806,3.689
37.055,5.00,11943,3.732
37.119,5.00,12216,3.817
37.183,5.00,12480,3.900
37.247,5.00,12646,3.952
37.311,5.00,12841,4.013
37.375,5.00,13173,4.117
37.439,5.00,13359,4.175
37.503,5.00,13466,4.208
37.567,5.00,13750,4.297
37.631,5.00,13964,4.364
37.695,5.00,14160,4.425
37.759,5.00,14423,4.507
37.823,5.00,14589,4.559
37.887,5.00,14873,4.648
37.951,5.00,15068,4.709
38.015,5.00,15371,4.803
38.079,5.00,15507,4.846
38.143,5.00,15712,4.910
38.207,5.00,15927,4.977
38.271,5.00,15947,4.983
38.335,5.00,15947,4.983
38.399,5.00,15947,4.983
38.463,5.00,15947,4.983
38.527,5.00,15947,4.983
38.591,5.00,15947,4.983
38.655,5.00,15947,4.983
38.719,5.00,15947,4.983
38.782,5.00,15947,4.983
38.846,5.00,15947,4.983
38.911,5.00,15947,4.983
38.975,5.00,15947,4.983
39.038,5.00,15947,4.983
39.102,5.00,15947,4.983
39.166,5.00,15947,4.983
39.230,5.00,15947,4.983
39.294,5.00,15947,4.983
39.358,5.00,15947,4.983
39.422,5.00,15947,4.983
39.486,5.00,15947,4.983
39.551,5.00,15947,4.983
39.614,5.00,15947,4.983
39.678,5.00,15947,4.983
39.743,5.00,15947,4.983
39.806,5.00,15947,4.983
39.870,5.00,15947,4.983
39.934,5.00,15947,4.983
39.998,5.00,15947,4.983
40.062,5.00,15947,4.983
40.126,5.00,15947,4.983
40.190,5.00,15947,4.983
40.254,5.00,15947,4.983
40.318,5.00,15947,4.983
40.382,5.00,15947,4.983
40.446,5.00,15947,4.983
40.510,5.00,15947,4.983
40.574,5.00,15947,4.983
40.638,5.00,15947,4.983
40.702,5.00,15947,4.983
40.766,5.00,15947,4.983
40.830,5.00,15947,4.983
40.894,5.00,15947,4.983
40.958,5.00,15947,4.983
41.022,5.00,15947,4.983
41.086,5.00,15947,4.983
41.150,5.00,15947,4.983
41.214,5.00,15947,4.983
41.278,5.00,15947,4.983
41.342,5.00,15947,4.983
41.406,5.00,15947,4.983
41.470,5.00,15947,4.983
41.534,5.00,15947,4.983
41.598,5.00,15947,4.983
41.662,5.00,15947,4.983
41.726,5.00,15947,4.983
41.790,5.00,15947,4.983
41.854,5.00,15947,4.983
41.918,5.00,15947,4.983
41.982,5.00,15947,4.983
42.046,5.00,15947,4.983
42.110,5.00,15947,4.983
42.174,5.00,15947,4.983
42.238,5.00,15947,4.983
42.302,5.00,15947,4.983
42.366,5.00,15947,4.983
42.430,5.00,15947,4.983
42.494,5.00,15947,4.983
42.558,5.00,15947,4.983
42.622,5.00,15947,4.983
42.685,5.00,15947,4.983
42.750,5.00,15947,4.983
42.813,5.00,15947,4.983
42.878,5.00,15947,4.983
42.941,5.00,15947,4.983
43.005,5.00,15947,4.983
43.069,5.00,15947,4.983
43.133,5.00,15947,4.983
43.197,5.00,15947,4.983
43.261,5.00,15947,4.983
43.325,5.00,15947,4.983
43.389,5.00,15947,4.983
43.453,5.00,15947,4.983
43.517,5.00,15947,4.983
43.581,5.00,15947,4.983
43.645,5.00,15947,4.983
43.709,5.00,15947,4.983
43.773,5.00,15947,4.983
43.837,5.00,15947,4.983
43.901,5.00,15947,4.983
43.965,5.00,15947,4.983
44.029,5.00,15947,4.983
44.093,5.00,15947,4.983
44.157,5.00,15947,4.983
44.221,5.00,15947,4.983
44.285,5.00,15947,4.983
44.349,5.00,15947,4.983
44.413,5.00,15947,4.983
44.477,5.00,15947,4.983
44.541,5.00,15947,4.983
44.605,5.00,15947,4.983
44.669,5.00,15947,4.983
44.733,5.00,15947,4.983
44.797,5.00,15947,4.983
44.861,5.00,15947,4.983
44.925,5.00,15947,4.983
44.989,5.00,15947,4.983
45.053,5.00,15947,4.983
45.117,5.00,15947,4.983
45.181,5.00,15947,4.983
45.245,5.00,15947,4.983
45.341,0.00,15947,4.983
45.405,0.00,15976,4.992
45.469,0.00,15966,4.989
45.533,0.00,15966,4.989
45.597,0.00,15800,4.938
45.661,0.00,15712,4.910
45.725,0.00,15488,4.840
45.789,0.00,15322,4.788
45.853,0.00,15097,4.718
45.917,0.00,14794,4.623
45.981,0.00,14580,4.556
46.045,0.00,14394,4.498
46.109,0.00,14121,4.413
46.173,0.00,13925,4.352
46.237,0.00,13662,4.269
46.301,0.00,13525,4.227
46.365,0.00,13378,4.181
46.429,0.00,13095,4.092
46.493,0.00,12832,4.010
46.557,0.00,12578,3.931
46.621,0.00,12500,3.906
46.685,0.00,12187,3.808
46.748,0.00,11982,3.744
46.812,0.00,11757,3.674
46.877,0.00,11533,3.604
46.940,0.00,11298,3.531
47.004,0.00,10996,3.436
47.068,0.00,10800,3.375
47.133,0.00,10625,3.320
47.196,0.00,10439,3.262
47.260,0.00,10166,3.177
47.324,0.00,9980,3.119
47.388,0.00,9775,3.055
47.452,0.00,9511,2.972
47.516,0.00,9277,2.899
47.580,0.00,9042,2.826
47.644,0.00,8837,2.762
47.708,0.00,8623,2.695
47.772,0.00,8466,2.646
47.836,0.00,8144,2.545
47.900,0.00,7900,2.469
47.964,0.00,7685,2.402
48.028,0.00,7470,2.334
48.092,0.00,7226,2.258
48.156,0.00,7099,2.218
48.220,0.00,6875,2.148
48.284,0.00,6611,2.066
48.348,0.00,6406,2.002
48.412,0.00,6230,1.947
48.476,0.00,5996,1.874
48.540,0.00,5771,1.803
48.604,0.00,5566,1.739
48.668,0.00,5380,1.681
48.732,0.00,5234,1.636
48.796,0.00,4853,1.517
48.860,0.00,4658,1.456
48.924,0.00,4355,1.361
48.988,0.00,4208,1.315
49.052,0.00,4101,1.282
49.116,0.00,3857,1.205
49.180,0.00,3613,1.129
49.244,0.00,3271,1.022
49.308,0.00,3164,0.989
49.372,0.00,2988,0.934
49.436,0.00,2685,0.839
49.500,0.00,2529,0.790
49.564,0.00,2333,0.729
49.628,0.00,2128,0.665
49.692,0.00,1826,0.571
49.756,0.00,1689,0.528
49.820,0.00,1464,0.458
49.884,0.00,1240,0.388
49.948,0.00,1093,0.342
50.012,0.00,751,0.235
50.076,0.00,615,0.192
50.140,0.00,410,0.128
50.203,0.00,175,0.055
50.268,0.00,146,0.046
50.332,0.00,166,0.052
50.395,0.00,146,0.046
50.460,0.00,136,0.043
50.524,0.00,146,0.046
50.588,0.00,166,0.052
50.652,0.00,156,0.049
50.715,0.00,156,0.049
50.779,0.00,146,0.046
50.843,0.00,146,0.046
50.907,0.00,146,0.046
50.971,0.00,156,0.049
51.035,0.00,146,0.046
51.099,0.00,146,0.046
51.163,0.00,146,0.046
51.227,0.00,146,0.046
51.291,0.00,166,0.052
51.355,0.00,146,0.046
51.419,0.00,136,0.043
51.483,0.00,146,0.046
51.547,0.00,166,0.052
51.611,0.00,156,0.049
51.675,0.00,146,0.046
51.739,0.00,146,0.046
51.803,0.00,146,0.046
51.867,0.00,146,0.046
51.931,0.00,156,0.049
51.995,0.00,146,0.046
52.059,0.00,146,0.046
52.123,0.00,146,0.046
52.187,0.00,146,0.046
52.251,0.00,166,0.052
52.315,0.00,146,0.046
52.379,0.00,136,0.043
52.443,0.00,146,0.046
52.507,0.00,166,0.052
52.571,0.00,156,0.049
52.635,0.00,146,0.046
52.699,0.00,146,0.046
52.763,0.00,146,0.046
52.827,0.00,146,0.046
52.891,0.00,146,0.046
52.955,0.00,146,0.046
53.019,0.00,146,0.046
53.083,0.00,146,0.046
53.147,0.00,156,0.049
53.211,0.00,166,0.052
53.275,0.00,146,0.046
53.339,0.00,136,0.043
53.403,0.00,146,0.046
53.467,0.00,146,0.046
53.531,0.00,156,0.049
53.595,0.00,146,0.046
53.659,0.00,146,0.046
53.723,0.00,146,0.046
53.787,0.00,146,0.046
53.851,0.00,156,0.049
53.915,0.00,146,0.046
53.979,0.00,146,0.046
54.043,0.00,136,0.043
54.106,0.00,156,0.049
54.170,0.00,166,0.052
54.234,0.00,156,0.049
54.299,0.00,136,0.043
54.363,0.00,146,0.046
54.427,0.00,146,0.046
54.491,0.00,156,0.049
54.554,0.00,146,0.046
54.618,0.00,146,0.046
54.682,0.00,146,0.046
54.746,0.00,146,0.046
54.810,0.00,156,0.049
54.874,0.00,146,0.046
54.938,0.00,146,0.046
55.002,0.00,136,0.043
55.066,0.00,156,0.049
55.130,0.00,166,0.052
55.194,0.00,156,0.049
55.258,0.00,136,0.043
55.322,0.00,146,0.046
55.418,2.00,146,0.046
55.482,2.00,146,0.046
55.546,2.00,166,0.052
55.610,2.00,175,0.055
55.674,2.00,166,0.052
55.738,2.00,322,0.101
55.802,2.00,458,0.143
55.866,2.00,625,0.195
55.930,2.00,888,0.278
55.994,2.00,1074,0.336
56.058,2.00,1396,0.436
56.122,2.00,1611,0.503
56.186,2.00,1777,0.555
56.250,2.00,2119,0.662
56.314,2.00,2216,0.693
56.378,2.00,2412,0.754
56.442,2.00,2666,0.833
56.506,2.00,2871,0.897
56.570,2.00,3076,0.961
56.634,2.00,3242,1.013
56.698,2.00,3457,1.080
56.762,2.00,3701,1.157
56.826,2.00,3945,1.233
56.890,2.00,4179,1.306
56.954,2.00,4355,1.361
57.018,2.00,4599,1.437
57.082,2.00,4775,1.492
57.146,2.00,5039,1.575
57.210,2.00,5263,1.645
57.274,2.00,5507,1.721
57.338,2.00,5722,1.788
57.402,2.00,5947,1.858
57.466,2.00,6083,1.901
57.530,2.00,6259,1.956
57.594,2.00,6259,1.956
57.658,2.00,6259,1.956
57.722,2.00,6259,1.956
57.786,2.00,6259,1.956
57.850,2.00,6259,1.956
57.914,2.00,6259,1.956
57.978,2.00,6259,1.956
58.041,2.00,6259,1.956
58.105,2.00,6259,1.956
58.169,2.00,6259,1.956
58.234,2.00,6259,1.956
58.297,2.00,6259,1.956
58.361,2.00,6259,1.956
58.426,2.00,6259,1.956
58.490,2.00,6259,1.956
58.553,2.00,6259,1.956
58.617,2.00,6259,1.956
58.681,2.00,6259,1.956
58.745,2.00,6259,1.956
58.810,2.00,6259,1.956
58.873,2.00,6259,1.956
58.937,2.00,6259,1.956
59.001,2.00,6259,1.956
59.065,2.00,6259,1.956
59.129,2.00,6259,1.956
59.193,2.00,6259,1.956
59.257,2.00,6259,1.956
59.321,2.00,6259,1.956
59.385,2.00,6259,1.956
59.449,2.00,6259,1.956
59.513,2.00,6259,1.956
59.577,2.00,6259,1.956
59.641,2.00,6259,1.956
59.705,2.00,6259,1.956
59.769,2.00,6259,1.956
59.833,2.00,6259,1.956
59.897,2.00,6259,1.956
59.961,2.00,6259,1.956
60.025,2.00,6259,1.956
60.089,2.00,6259,1.956
60.153,2.00,6259,1.956
60.217,2.00,6259,1.956
60.281,2.00,6259,1.956
60.345,2.00,6259,1.956
60.409,2.00,6259,1.956
60.473,2.00,6259,1.956
60.537,2.00,6259,1.956
60.601,2.00,6259,1.956
60.665,2.00,6259,1.956
60.729,2.00,6259,1.956
60.793,2.00,6259,1.956
60.857,2.00,6259,1.956
60.921,2.00,6259,1.956
60.985,2.00,6259,1.956
61.049,2.00,6259,1.956
61.113,2.00,6259,1.956
61.177,2.00,6259,1.956
61.241,2.00,6259,1.956
61.305,2.00,6259,1.956
61.369,2.00,6259,1.956
61.433,2.00,6259,1.956
61.497,2.00,6259,1.956
61.561,2.00,6259,1.956
61.625,2.00,6259,1.956
61.689,2.00,6259,1.956
61.753,2.00,6259,1.956
61.817,2.00,6259,1.956
61.881,2.00,6259,1.956
61.945,2.00,6259,1.956
62.009,2.00,6259,1.956
62.072,2.00,6259,1.956
62.137,2.00,6259,1.956
62.201,2.00,6259,1.956
62.264,2.00,6259,1.956
62.328,2.00,6259,1.956
62.392,2.00,6259,1.956
62.456,2.00,6259,1.956
62.520,2.00,6259,1.956
62.584,2.00,6259,1.956
62.648,2.00,6259,1.956
62.712,2.00,6259,1.956
62.776,2.00,6259,1.956
62.840,2.00,6259,1.956
62.904,2.00,6259,1.956
62.968,2.00,6259,1.956
63.032,2.00,6259,1.956
63.096,2.00,6259,1.956
63.160,2.00,6259,1.956
63.224,2.00,6259,1.956
63.288,2.00,6259,1.956
63.352,2.00,6259,1.956
63.416,2.00,6259,1.956
63.480,2.00,6259,1.956
63.544,2.00,6259,1.956
63.608,2.00,6259,1.956
63.672,2.00,6259,1.956
63.736,2.00,6259,1.956
63.800,2.00,6259,1.956
63.864,2.00,6259,1.956
63.928,2.00,6259,1.956
63.992,2.00,6259,1.956
64.056,2.00,6259,1.956
64.120,2.00,6259,1.956
64.184,2.00,6259,1.956
64.248,2.00,6259,1.956
64.312,2.00,6259,1.956
64.376,2.00,6259,1.956
64.440,2.00,6259,1.956
64.504,2.00,6259,1.956
64.568,2.00,6259,1.956
64.632,2.00,6259,1.956
64.696,2.00,6259,1.956
64.760,2.00,6259,1.956
64.824,2.00,6259,1.956
64.888,2.00,6259,1.956
64.952,2.00,6259,1.956
65.016,2.00,6259,1.956
65.080,2.00,6259,1.956
65.144,2.00,6259,1.956
65.208,2.00,6259,1.956
65.272,2.00,6259,1.956
65.336,2.00,6259,1.956
65.400,2.00,6259,1.956
65.496,8.00,6259,1.956
65.560,8.00,6259,1.956
65.624,8.00,6289,1.965
65.688,8.00,6357,1.987
65.752,8.00,6572,2.054
65.816,8.00,6894,2.154
65.880,8.00,7089,2.215
65.944,8.00,7255,2.267
66.008,8.00,7500,2.344
66.072,8.00,7705,2.408
66.136,8.00,7998,2.499
66.200,8.00,8154,2.548
66.263,8.00,8388,2.621
66.327,8.00,8603,2.688
66.391,8.00,8876,2.774
66.455,8.00,9121,2.850
66.519,8.00,9345,2.920
66.583,8.00,9501,2.969
66.647,8.00,9804,3.064
66.711,8.00,10009,3.128
66.775,8.00,10205,3.189
66.839,8.00,10488,3.277
66.903,8.00,10634,3.323
66.967,8.00,10869,3.397
67.031,8.00,11064,3.458
67.095,8.00,11240,3.513
67.159,8.00,11542,3.607
67.223,8.00,11796,3.686
67.287,8.00,11933,3.729
67.351,8.00,12148,3.796
67.415,8.00,12480,3.900
67.479,8.00,12607,3.940
67.543,8.00,12822,4.007
67.607,8.00,13164,4.114
67.671,8.00,13339,4.168
67.735,8.00,13466,4.208
67.799,8.00,13740,4.294
67.863,8.00,13955,4.361
67.927,8.00,14169,4.428
67.991,8.00,14433,4.510
68.055,8.00,14589,4.559
68.119,8.00,14882,4.651
68.183,8.00,15087,4.715
68.247,8.00,15400,4.812
68.311,8.00,15566,4.864
68.375,8.00,15761,4.925
68.439,8.00,16015,5.005
68.503,8.00,16152,5.048
68.567,8.00,16455,5.142
68.631,8.00,16650,5.203
68.695,8.00,16816,5.255
68.759,8.00,17128,5.353
68.823,8.00,17373,5.429
68.887,8.00,17666,5.521
68.951,8.00,17871,5.585
69.015,8.00,18056,5.643
69.079,8.00,18261,5.707
69.143,8.00,18505,5.783
69.207,8.00,18750,5.859
69.271,8.00,18925,5.914
69.335,8.00,19218,6.006
69.399,8.00,19345,6.045
69.463,8.00,19638,6.137
69.527,8.00,19843,6.201
69.591,8.00,20009,6.253
69.655,8.00,20205,6.314
69.719,8.00,20449,6.390
69.783,8.00,20703,6.470
69.847,8.00,20917,6.537
69.911,8.00,21064,6.582
69.975,8.00,21347,6.671
70.038,8.00,21542,6.732
70.103,8.00,21767,6.802
70.166,8.00,22060,6.894
70.230,8.00,22187,6.933
70.294,8.00,22412,7.004
70.358,8.00,22607,7.065
70.422,8.00,22910,7.159
70.486,8.00,23134,7.229
70.550,8.00,23232,7.260
70.614,8.00,23613,7.379
70.678,8.00,23769,7.428
70.742,8.00,23964,7.489
70.806,8.00,24111,7.535
70.870,8.00,24355,7.611
70.934,8.00,24628,7.696
70.998,8.00,24765,7.739
71.062,8.00,25136,7.855
71.126,8.00,25283,7.901
71.190,8.00,25410,7.941
71.254,8.00,25410,7.941
71.318,8.00,25410,7.941
71.382,8.00,25410,7.941
71.446,8.00,25410,7.941
71.510,8.00,25410,7.941
71.574,8.00,25410,7.941
71.638,8.00,25410,7.941
71.702,8.00,25410,7.941
71.766,8.00,25410,7.941
71.830,8.00,25410,7.941
71.894,8.00,25410,7.941
71.958,8.00,25410,7.941
72.022,8.00,25410,7.941
72.086,8.00,25410,7.941
72.150,8.00,25410,7.941
72.214,8.00,25410,7.941
72.278,8.00,25410,7.941
72.342,8.00,25410,7.941
72.406,8.00,25410,7.941
72.470,8.00,25410,7.941
72.534,8.00,25410,7.941
72.598,8.00,25410,7.941
72.662,8.00,25410,7.941
72.726,8.00,25410,7.941
72.790,8.00,25410,7.941
72.854,8.00,25410,7.941
72.918,8.00,25410,7.941
72.982,8.00,25410,7.941
73.046,8.00,25410,7.941
73.110,8.00,25410,7.941
73.174,8.00,25410,7.941
73.238,8.00,25410,7.941
73.302,8.00,25410,7.941
73.366,8.00,25410,7.941
73.430,8.00,25410,7.941
73.494,8.00,25410,7.941
73.558,8.00,25410,7.941
73.622,8.00,25410,7.941
73.686,8.00,25410,7.941
73.750,8.00,25410,7.941
73.813,8.00,25410,7.941
73.878,8.00,25410,7.941
73.941,8.00,25410,7.941
74.005,8.00,25410,7.941
74.069,8.00,25410,7.941
74.133,8.00,25410,7.941
74.197,8.00,25410,7.941
74.261,8.00,25410,7.941
74.325,8.00,25410,7.941
74.389,8.00,25410,7.941
74.453,8.00,25410,7.941
74.517,8.00,25410,7.941
74.581,8.00,25410,7.941
74.645,8.00,25410,7.941
74.709,8.00,25410,7.941
74.773,8.00,25410,7.941
74.837,8.00,25410,7.941
74.901,8.00,25410,7.941
74.965,8.00,25410,7.941
75.029,8.00,25410,7.941
75.093,8.00,25410,7.941
75.157,8.00,25410,7.941
75.221,8.00,25410,7.941
75.285,8.00,25410,7.941
75.349,8.00,25410,7.941
75.413,8.00,25410,7.941
75.477,8.00,25410,7.941
75.541,8.00,25410,7.941
75.605,8.00,25410,7.941
75.669,8.00,25410,7.941
75.733,8.00,25410,7.941
75.797,8.00,25410,7.941
75.861,8.00,25410,7.941
75.925,8.00,25410,7.941
75.989,8.00,25410,7.941
76.053,8.00,25410,7.941
76.117,8.00,25410,7.941
76.181,8.00,25410,7.941
76.245,8.00,25410,7.941
76.309,8.00,25410,7.941
76.373,8.00,25410,7.941
76.437,8.00,25410,7.941
76.501,8.00,25410,7.941
76.565,8.00,25410,7.941
76.629,8.00,25410,7.941
76.693,8.00,25410,7.941
76.757,8.00,25410,7.941
76.821,8.00,25410,7.941
76.885,8.00,25410,7.941
76.949,8.00,25410,7.941
77.013,8.00,25410,7.941
77.077,8.00,25410,7.941
77.141,8.00,25410,7.941
77.205,8.00,25410,7.941
77.269,8.00,25410,7.941
77.333,8.00,25410,7.941
77.397,8.00,25410,7.941
77.461,8.00,25410,7.941
77.557,2.00,25410,7.941
77.620,2.00,25410,7.941
77.685,2.00,25429,7.947
77.748,2.00,25439,7.950
77.812,2.00,25351,7.922
77.876,2.00,25263,7.895
77.940,2.00,25009,7.815
78.004,2.00,24755,7.736
78.068,2.00,24570,7.678
78.132,2.00,24228,7.571
78.196,2.00,24062,7.519
78.260,2.00,23896,7.468
78.324,2.00,23681,7.400
78.389,2.00,23496,7.343
78.452,2.00,23173,7.242
78.516,2.00,23066,7.208
78.580,2.00,22763,7.113
78.644,2.00,22548,7.046
78.708,2.00,22382,6.994
78.772,2.00,22099,6.906
78.836,2.00,21972,6.866
78.900,2.00,21660,6.769
78.964,2.00,21435,6.698
79.028,2.00,21279,6.650
79.092,2.00,21054,6.579
79.156,2.00,20800,6.500
79.220,2.00,20527,6.415
79.284,2.00,20351,6.360
79.348,2.00,20146,6.296
79.412,2.00,19951,6.235
79.476,2.00,19824,6.195
79.540,2.00,19501,6.094
79.604,2.00,19267,6.021
79.668,2.00,18994,5.936
79.732,2.00,18759,5.862
79.796,2.00,18593,5.810
79.860,2.00,18417,5.755
79.924,2.00,18095,5.655
79.988,2.00,17929,5.603
80.052,2.00,17783,5.557
80.116,2.00,17470,5.459
80.180,2.00,17246,5.389
80.244,2.00,17001,5.313
80.308,2.00,16728,5.228
80.372,2.00,16591,5.185
80.436,2.00,16347,5.108
80.500,2.00,16083,5.026
80.564,2.00,15917,4.974
80.628,2.00,15664,4.895
80.692,2.00,15449,4.828
80.756,2.00,15273,4.773
80.820,2.00,15029,4.697
80.884,2.00,14736,4.605
80.948,2.00,14560,4.550
81.012,2.00,14326,4.477
81.076,2.00,14052,4.391
81.140,2.00,13876,4.336
81.204,2.00,13613,4.254
81.268,2.00,13466,4.208
81.332,2.00,13339,4.168
81.395,2.00,13017,4.068
81.460,2.00,12783,3.995
81.523,2.00,12539,3.918
81.587,2.00,12431,3.885
81.651,2.00,12158,3.799
81.715,2.00,11904,3.720
81.779,2.00,11679,3.650
81.843,2.00,11464,3.583
81.907,2.00,11230,3.509
81.972,2.00,10957,3.424
82.035,2.00,10751,3.360
82.099,2.00,10585,3.308
82.163,2.00,10400,3.250
82.227,2.00,10117,3.162
82.291,2.00,9921,3.100
82.355,2.00,9697,3.030
82.419,2.00,9482,2.963
82.483,2.00,9257,2.893
82.547,2.00,9013,2.817
82.611,2.00,8818,2.756
82.675,2.00,8623,2.695
82.739,2.00,8427,2.633
82.803,2.00,8134,2.542
82.867,2.00,7880,2.462
82.931,2.00,7685,2.402
82.995,2.00,7470,2.334
83.059,2.00,7226,2.258
83.123,2.00,7099,2.218
83.187,2.00,6894,2.154
83.251,2.00,6621,2.069
83.315,2.00,6455,2.017
83.379,2.00,6396,1.999
83.443,2.00,6396,1.999
83.507,2.00,6396,1.999
83.571,2.00,6396,1.999
83.635,2.00,6396,1.999
83.699,2.00,6396,1.999
83.763,2.00,6396,1.999
83.827,2.00,6396,1.999
83.891,2.00,6396,1.999
83.955,2.00,6396,1.999
84.019,2.00,6396,1.999
84.083,2.00,6396,1.999
84.147,2.00,6396,1.999
84.211,2.00,6396,1.999
84.275,2.00,6396,1.999
84.339,2.00,6396,1.999
84.403,2.00,6396,1.999
84.467,2.00,6396,1.999
84.531,2.00,6396,1.999
84.595,2.00,6396,1.999
84.659,2.00,6396,1.999
84.723,2.00,6396,1.999
84.787,2.00,6396,1.999
84.851,2.00,6396,1.999
84.915,2.00,6396,1.999
84.979,2.00,6396,1.999
85.043,2.00,6396,1.999
85.107,2.00,6396,1.999
85.171,2.00,6396,1.999
85.235,2.00,6396,1.999
85.298,2.00,6396,1.999
85.363,2.00,6396,1.999
85.427,2.00,6396,1.999
85.491,2.00,6396,1.999
85.554,2.00,6396,1.999
85.619,2.00,6396,1.999
85.682,2.00,6396,1.999
85.746,2.00,6396,1.999
85.810,2.00,6396,1.999
85.874,2.00,6396,1.999
85.938,2.00,6396,1.999
86.003,2.00,6396,1.999
86.066,2.00,6396,1.999
86.130,2.00,6396,1.999
86.194,2.00,6396,1.999
86.258,2.00,6396,1.999
86.322,2.00,6396,1.999
86.386,2.00,6396,1.999
86.450,2.00,6396,1.999
86.514,2.00,6396,1.999
86.578,2.00,6396,1.999
86.642,2.00,6396,1.999
86.706,2.00,6396,1.999
86.770,2.00,6396,1.999
86.834,2.00,6396,1.999
86.898,2.00,6396,1.999
86.962,2.00,6396,1.999
87.026,2.00,6396,1.999
87.090,2.00,6396,1.999
87.154,2.00,6396,1.999
87.218,2.00,6396,1.999
87.282,2.00,6396,1.999
87.346,2.00,6396,1.999
87.410,2.00,6396,1.999
87.474,2.00,6396,1.999
87.538,2.00,6396,1.999
87.634,0.00,6396,1.999
87.698,0.00,6386,1.996
87.762,0.00,6210,1.941
87.826,0.00,5976,1.867
87.890,0.00,5722,1.788
87.954,0.00,5537,1.730
88.018,0.00,5361,1.675
88.082,0.00,5166,1.614
88.146,0.00,4824,1.508
88.210,0.00,4570,1.428
88.274,0.00,4326,1.352
88.338,0.00,4179,1.306
88.402,0.00,4062,1.269
88.466,0.00,3769,1.178
88.530,0.00,3574,1.117
88.594,0.00,3261,1.019
88.658,0.00,3134,0.979
88.722,0.00,2890,0.903
88.786,0.00,2685,0.839
88.850,0.00,2460,0.769
88.914,0.00,2294,0.717
88.978,0.00,2080,0.650
89.042,0.00,1806,0.564
89.106,0.00,1640,0.512
89.170,0.00,1425,0.445
89.233,0.00,1210,0.378
89.297,0.00,996,0.311
89.361,0.00,712,0.223
89.425,0.00,585,0.183
89.489,0.00,380,0.119
89.554,0.00,146,0.046
89.617,0.00,156,0.049
89.681,0.00,166,0.052
89.745,0.00,146,0.046
89.809,0.00,136,0.043
89.873,0.00,146,0.046
89.937,0.00,166,0.052
90.001,0.00,156,0.049
90.065,0.00,146,0.046
90.129,0.00,146,0.046
90.193,0.00,146,0.046
90.257,0.00,146,0.046
90.321,0.00,146,0.046
90.385,0.00,146,0.046
90.449,0.00,136,0.043
90.513,0.00,146,0.046
90.577,0.00,166,0.052
